speaker_id,name,role,gender,party,faction,terms,utterance_count,category,score,word_count,top_words
佐久本洋介,佐久本 洋介,議長,男,無所属,-,"1,2,3,4",2441,暮らし・福祉,0.422926,22,"傍聴,難病,民泊,弁償,人権"
佐久本洋介,佐久本 洋介,議長,男,無所属,-,"1,2,3,4",2441,医療・健康,0.41641,21,"難病,健診,虐待,患者,接種"
佐久本洋介,佐久本 洋介,議長,男,無所属,-,"1,2,3,4",2441,子ども・教育,0.417027,19,"休園,文教,学力,校区,学級"
佐久本洋介,佐久本 洋介,議長,男,無所属,-,"1,2,3,4",2441,まちづくり・インフラ,0.589646,33,"断水,工務,用排水,工区,埋め立て"
佐久本洋介,佐久本 洋介,議長,男,無所属,-,"1,2,3,4",2441,農業・水産業,0.390287,21,"漁協,農漁業,山羊,漁港,養殖"
佐久本洋介,佐久本 洋介,議長,男,無所属,-,"1,2,3,4",2441,観光・産業,0.460337,24,"祝辞,民泊,受章,楽園,球場"
佐久本洋介,佐久本 洋介,議長,男,無所属,-,"1,2,3,4",2441,環境・防災,0.555538,37,"断水,断層,充電,防火,雨漏り"
佐久本洋介,佐久本 洋介,議長,男,無所属,-,"1,2,3,4",2441,財政・税金,0.619064,43,"金利,補佐,損傷,増税,剰余"
佐久本洋介,佐久本 洋介,議長,男,無所属,-,"1,2,3,4",2441,行政・議会運営,1.336549,69,"陳情,投票,陳述,表決,議席"
佐久本洋介,佐久本 洋介,議長,男,無所属,-,"1,2,3,4",2441,安全保障・基地問題,0.481746,23,"弾薬,空軍,海兵,米軍,駐屯"
上地昭人,上地昭人,事務局長,,,,,390,暮らし・福祉,0.191054,7,"休業,義捐,人権,引っ越し,扶養"
上地昭人,上地昭人,事務局長,,,,,390,医療・健康,0.32122,11,"ｐｃｒ,抗原,虐待,接種,認知"
上地昭人,上地昭人,事務局長,,,,,390,子ども・教育,0.685695,18,"学級,授業,教職員,教科,学年"
上地昭人,上地昭人,事務局長,,,,,390,まちづくり・インフラ,0.715415,23,"土工,ｉｃｔ,型枠,工区,数量"
上地昭人,上地昭人,事務局長,,,,,390,農業・水産業,0.089551,3,"食材,ｈａｃｃｐ,漁協"
上地昭人,上地昭人,事務局長,,,,,390,観光・産業,0.150976,6,"表彰,音楽,朗読,物品,旅費"
上地昭人,上地昭人,事務局長,,,,,390,環境・防災,0.398091,17,"廃校,暴風,警報,土砂,破損"
上地昭人,上地昭人,事務局長,,,,,390,財政・税金,0.255623,11,"返済,納入,補充,落札,充当"
上地昭人,上地昭人,事務局長,,,,,390,行政・議会運営,1.093934,37,"陳述,会派,議席,陳情,辞任"
上地昭人,上地昭人,事務局長,,,,,390,安全保障・基地問題,0.289445,10,"空軍,軍艦,駐屯,米軍,海兵"
下地敏彦,下地敏彦,市長,,,,,1571,暮らし・福祉,0.34204,19,"難病,人権,不妊,就農,休業"
下地敏彦,下地敏彦,市長,,,,,1571,医療・健康,0.403593,20,"口蹄,防疫,外科,難病,不妊"
下地敏彦,下地敏彦,市長,,,,,1571,子ども・教育,0.316521,19,"学級,学力,学術,教科,文教"
下地敏彦,下地敏彦,市長,,,,,1571,まちづくり・インフラ,0.65232,35,"水源,工区,浄水,約款,ｌｅｄ"
下地敏彦,下地敏彦,市長,,,,,1571,農業・水産業,0.506646,24,"牧場,肥育,漁協,食肉,養殖"
下地敏彦,下地敏彦,市長,,,,,1571,観光・産業,0.448789,25,"旅客,祝賀,航路,球団,購買"
下地敏彦,下地敏彦,市長,,,,,1571,環境・防災,0.616798,37,"断層,炭素,防除,風力,太陽"
下地敏彦,下地敏彦,市長,,,,,1571,財政・税金,0.671995,45,"公庫,財団,公債,増税,補佐"
下地敏彦,下地敏彦,市長,,,,,1571,行政・議会運営,1.13703,68,"投票,政権,専決,公社,解散"
下地敏彦,下地敏彦,市長,,,,,1571,安全保障・基地問題,0.470108,24,"領海,領土,拉致,米軍,射撃"
島尻誠,島尻 誠,不明,,,,,358,暮らし・福祉,0.241019,9,"空き家,就労,労務,療養,傍聴"
島尻誠,島尻 誠,不明,,,,,358,医療・健康,0.380159,13,"ｐｃｒ,医師,抗原,接種,診療"
島尻誠,島尻 誠,不明,,,,,358,子ども・教育,0.243832,9,"教職員,文教,休校,授業,入学"
島尻誠,島尻 誠,不明,,,,,358,まちづくり・インフラ,0.712342,24,"断水,水源,工区,取水,約款"
島尻誠,島尻 誠,不明,,,,,358,農業・水産業,0.548579,19,"生乳,肥育,和牛,山羊,養殖"
島尻誠,島尻 誠,不明,,,,,358,観光・産業,0.200695,11,"売り払い,旅客,飲食,購買,物流"
島尻誠,島尻 誠,不明,,,,,358,環境・防災,0.55957,23,"断水,断層,崖下,土砂,雨漏り"
島尻誠,島尻 誠,不明,,,,,358,財政・税金,0.306332,17,"還元,随意,落札,収穫,予備"
島尻誠,島尻 誠,不明,,,,,358,行政・議会運営,0.812458,33,"投票,動議,陳情,賛否,判決"
島尻誠,島尻 誠,不明,,,,,358,安全保障・基地問題,0.243007,9,"弾薬,陣地,追悼,米軍,駐屯"
松原清光,松原清光,農林水産部長,,,,,808,暮らし・福祉,0.118268,5,"就農,労務,不妊,就労,移住"
松原清光,松原清光,農林水産部長,,,,,808,医療・健康,0.192344,8,"防疫,医師,接種,診療,不妊"
松原清光,松原清光,農林水産部長,,,,,808,子ども・教育,0.021834,2,"講座,学区"
松原清光,松原清光,農林水産部長,,,,,808,まちづくり・インフラ,0.820059,31,"水門,浚渫,用排水,取水,土工"
松原清光,松原清光,農林水産部長,,,,,808,農業・水産業,0.936813,28,"山羊,耕土,肥育,和牛,圃場"
松原清光,松原清光,農林水産部長,,,,,808,観光・産業,0.136781,10,"製造,購買,航路,楽園,旅費"
松原清光,松原清光,農林水産部長,,,,,808,環境・防災,0.434609,19,"防除,土砂,珊瑚,除草,雨水"
松原清光,松原清光,農林水産部長,,,,,808,財政・税金,0.404463,22,"収穫,減価,償却,損益,賦課"
松原清光,松原清光,農林水産部長,,,,,808,行政・議会運営,0.28094,19,"謝罪,公益,規格,専決,解散"
松原清光,松原清光,農林水産部長,,,,,808,安全保障・基地問題,0.035211,3,"火薬,米国,弾薬"
下地信男,下地 信男,教育部長,男,無所属,幸政会,"5,6",1143,暮らし・福祉,0.354205,17,"労務,民泊,難病,移住,不妊"
下地信男,下地 信男,教育部長,男,無所属,幸政会,"5,6",1143,医療・健康,0.332575,16,"難病,患者,疾患,健診,診療"
下地信男,下地 信男,教育部長,男,無所属,幸政会,"5,6",1143,子ども・教育,0.431631,20,"教職員,入学,授業,学級,学園"
下地信男,下地 信男,教育部長,男,無所属,幸政会,"5,6",1143,まちづくり・インフラ,0.52031,27,"灯油,ｉｃｔ,ｌｅｄ,外構,土砂"
下地信男,下地 信男,教育部長,男,無所属,幸政会,"5,6",1143,農業・水産業,0.326666,17,"牡蠣,肥料,食材,飼料,圃場"
下地信男,下地 信男,教育部長,男,無所属,幸政会,"5,6",1143,観光・産業,0.375392,22,"民泊,物価,売り払い,音楽,楽園"
下地信男,下地 信男,教育部長,男,無所属,幸政会,"5,6",1143,環境・防災,0.510649,27,"崖下,軽石,蓄電,雨漏り,廃校"
下地信男,下地 信男,教育部長,男,無所属,幸政会,"5,6",1143,財政・税金,0.618087,36,"納品,賦課,財団,滞納,還付"
下地信男,下地 信男,教育部長,男,無所属,幸政会,"5,6",1143,行政・議会運営,0.931799,54,"解任,誤字,選考,部会,謄本"
下地信男,下地 信男,教育部長,男,無所属,幸政会,"5,6",1143,安全保障・基地問題,0.069932,5,"有事,遺跡,日米,軍事,駐屯"
友利光徳,友利 光徳,議員,男,無所属,無会派,"1,3,4,5",1280,暮らし・福祉,0.227172,12,"慰謝,弁償,移住,空き家,傍聴"
友利光徳,友利 光徳,議員,男,無所属,無会派,"1,3,4,5",1280,医療・健康,0.139265,10,"接種,虐待,認知,医師,療養"
友利光徳,友利 光徳,議員,男,無所属,無会派,"1,3,4,5",1280,子ども・教育,0.37929,16,"学区,校長,入学,学力,教職員"
友利光徳,友利 光徳,議員,男,無所属,無会派,"1,3,4,5",1280,まちづくり・インフラ,0.453444,23,"工区,外構,残土,土工,数量"
友利光徳,友利 光徳,議員,男,無所属,無会派,"1,3,4,5",1280,農業・水産業,0.285203,15,"山羊,農村,漁港,農振,牧場"
友利光徳,友利 光徳,議員,男,無所属,無会派,"1,3,4,5",1280,観光・産業,0.28149,17,"受章,表彰,祭場,購買,球場"
友利光徳,友利 光徳,議員,男,無所属,無会派,"1,3,4,5",1280,環境・防災,0.333467,24,"土砂,廃校,雨漏り,汚泥,崖下"
友利光徳,友利 光徳,議員,男,無所属,無会派,"1,3,4,5",1280,財政・税金,0.454149,27,"落札,随意,有償,不納,収穫"
友利光徳,友利 光徳,議員,男,無所属,無会派,"1,3,4,5",1280,行政・議会運営,0.967036,43,"政権,辞退,開示,公職,嘆願"
友利光徳,友利 光徳,議員,男,無所属,無会派,"1,3,4,5",1280,安全保障・基地問題,0.282634,13,"弾薬,戦争,射撃,火薬,軍事"
上地広敏,上地 廣敏,総務財政委員会委員長,男,無所属,絆,"3,4,5",3305,暮らし・福祉,0.367857,21,"社協,人権,難病,不妊,就農"
上地広敏,上地 廣敏,総務財政委員会委員長,男,無所属,絆,"3,4,5",3305,医療・健康,0.383836,23,"虐待,接種,難病,不妊,健診"
上地広敏,上地 廣敏,総務財政委員会委員長,男,無所属,絆,"3,4,5",3305,子ども・教育,0.336698,20,"学童,学級,文教,教職員,小児"
上地広敏,上地 廣敏,総務財政委員会委員長,男,無所属,絆,"3,4,5",3305,まちづくり・インフラ,0.6557,41,"灯油,用排水,浚渫,農道,工区"
上地広敏,上地 廣敏,総務財政委員会委員長,男,無所属,絆,"3,4,5",3305,農業・水産業,0.526747,29,"耳標,農振,肥育,漁協,圃場"
上地広敏,上地 廣敏,総務財政委員会委員長,男,無所属,絆,"3,4,5",3305,観光・産業,0.445863,29,"祝辞,叙勲,航路,売り払い,表彰"
上地広敏,上地 廣敏,総務財政委員会委員長,男,無所属,絆,"3,4,5",3305,環境・防災,0.697376,42,"軽石,噴火,噴出,防除,汚泥"
上地広敏,上地 廣敏,総務財政委員会委員長,男,無所属,絆,"3,4,5",3305,財政・税金,0.76052,51,"剰余,不納,滞納,随契,収穫"
上地広敏,上地 廣敏,総務財政委員会委員長,男,無所属,絆,"3,4,5",3305,行政・議会運営,1.219776,79,"陳情,表決,投票,議席,請願"
上地広敏,上地 廣敏,総務財政委員会委員長,男,無所属,絆,"3,4,5",3305,安全保障・基地問題,0.462895,27,"遺骨,誤発,海兵,有事,実弾"
國仲昌二,國仲 昌二,議員,男,無所属,市民フォーラムまてぃだ,"3,4,5,6",802,暮らし・福祉,0.22809,14,"人権,扶養,受給,年金,住居"
國仲昌二,國仲 昌二,議員,男,無所属,市民フォーラムまてぃだ,"3,4,5,6",802,医療・健康,0.082628,6,"感覚,患者,痛み,疾患,診療"
國仲昌二,國仲 昌二,議員,男,無所属,市民フォーラムまてぃだ,"3,4,5,6",802,子ども・教育,0.239221,14,"休園,教科,学術,学区,学力"
國仲昌二,國仲 昌二,議員,男,無所属,市民フォーラムまてぃだ,"3,4,5,6",802,まちづくり・インフラ,0.561474,26,"断水,約款,工区,埋め立て,水源"
國仲昌二,國仲 昌二,議員,男,無所属,市民フォーラムまてぃだ,"3,4,5,6",802,農業・水産業,0.174521,11,"漁港,牧場,養殖,食料,農漁業"
國仲昌二,國仲 昌二,議員,男,無所属,市民フォーラムまてぃだ,"3,4,5,6",802,観光・産業,0.299951,15,"売り払い,製造,飲食,表彰,球場"
國仲昌二,國仲 昌二,議員,男,無所属,市民フォーラムまてぃだ,"3,4,5,6",802,環境・防災,0.604921,31,"断水,充電,警報,警戒,暴風"
國仲昌二,國仲 昌二,議員,男,無所属,市民フォーラムまてぃだ,"3,4,5,6",802,財政・税金,0.69742,32,"追認,充当,公債,返済,落札"
國仲昌二,國仲 昌二,議員,男,無所属,市民フォーラムまてぃだ,"3,4,5,6",802,行政・議会運営,1.253315,58,"開示,投票,首長,得票,判決"
國仲昌二,國仲 昌二,議員,男,無所属,市民フォーラムまてぃだ,"3,4,5,6",802,安全保障・基地問題,0.674426,23,"火薬,弾薬,在沖,在日,海兵"
宮国高宣,宮国高宣,総務部長,,,,,707,暮らし・福祉,0.162239,8,"慰謝,弁償,休業,民泊,受給"
宮国高宣,宮国高宣,総務部長,,,,,707,医療・健康,0.045111,4,"接種,ｐｃｒ,健診,病気"
宮国高宣,宮国高宣,総務部長,,,,,707,子ども・教育,0.06104,6,"学力,園児,学区,教職員,文教"
宮国高宣,宮国高宣,総務部長,,,,,707,まちづくり・インフラ,0.400746,20,"約款,土砂,外構,工区,電源"
宮国高宣,宮国高宣,総務部長,,,,,707,農業・水産業,0.080376,5,"農漁業,農村,食料,農振,漁港"
宮国高宣,宮国高宣,総務部長,,,,,707,観光・産業,0.193745,10,"物産,旅費,物流,ｊｔａ,民泊"
宮国高宣,宮国高宣,総務部長,,,,,707,環境・防災,0.616964,23,"断層,防火,警戒,津波,暴風"
宮国高宣,宮国高宣,総務部長,,,,,707,財政・税金,1.193047,43,"公債,繰り上げ,金利,減給,償却"
宮国高宣,宮国高宣,総務部長,,,,,707,行政・議会運営,1.306176,50,"審理,任用,付則,投票,市税"
宮国高宣,宮国高宣,総務部長,,,,,707,安全保障・基地問題,0.283265,9,"火薬,射撃,弾薬,有事,殺傷"
平良敏夫,平良 敏夫,臨時議長,男,自由民主党,蒼和会,"3,4,5,6",2713,暮らし・福祉,0.301512,18,"人権,空き家,傍聴,年金,不妊"
平良敏夫,平良 敏夫,臨時議長,男,自由民主党,蒼和会,"3,4,5,6",2713,医療・健康,0.367008,20,"抗原,ｐｃｒ,虐待,健診,接種"
平良敏夫,平良 敏夫,臨時議長,男,自由民主党,蒼和会,"3,4,5,6",2713,子ども・教育,0.292127,19,"文教,学術,教職員,学園,学区"
平良敏夫,平良 敏夫,臨時議長,男,自由民主党,蒼和会,"3,4,5,6",2713,まちづくり・インフラ,0.555007,31,"浄水,ｄｘ,電柱,断水,用排水"
平良敏夫,平良 敏夫,臨時議長,男,自由民主党,蒼和会,"3,4,5,6",2713,農業・水産業,0.405837,23,"農振,漁港,養殖,山羊,圃場"
平良敏夫,平良 敏夫,臨時議長,男,自由民主党,蒼和会,"3,4,5,6",2713,観光・産業,0.435812,24,"祝辞,物価,球団,球場,叙勲"
平良敏夫,平良 敏夫,臨時議長,男,自由民主党,蒼和会,"3,4,5,6",2713,環境・防災,0.726122,39,"脱炭,防火,冠水,陥没,消火"
平良敏夫,平良 敏夫,臨時議長,男,自由民主党,蒼和会,"3,4,5,6",2713,財政・税金,0.477747,36,"剰余,買収,ｐｆｉ,繰り入れ,公債"
平良敏夫,平良 敏夫,臨時議長,男,自由民主党,蒼和会,"3,4,5,6",2713,行政・議会運営,1.08713,64,"請願,陳情,表決,動議,陳謝"
平良敏夫,平良 敏夫,臨時議長,男,自由民主党,蒼和会,"3,4,5,6",2713,安全保障・基地問題,0.436362,24,"遺骨,追悼,駐屯,有事,弾薬"
上里樹,上里 樹,文教社会委員会委員長,男,日本共産党,無会派,"1,2,3,4,5",1370,暮らし・福祉,0.29723,18,"尊厳,年金,傍聴,労務,人権"
上里樹,上里 樹,文教社会委員会委員長,男,日本共産党,無会派,"1,2,3,4,5",1370,医療・健康,0.211476,14,"ｐｃｒ,病気,療養,患者,診療"
上里樹,上里 樹,文教社会委員会委員長,男,日本共産党,無会派,"1,2,3,4,5",1370,子ども・教育,0.318669,18,"教科,入学,文教,教職員,卒業"
上里樹,上里 樹,文教社会委員会委員長,男,日本共産党,無会派,"1,2,3,4,5",1370,まちづくり・インフラ,0.489844,30,"転圧,工区,地盤,浄水,水源"
上里樹,上里 樹,文教社会委員会委員長,男,日本共産党,無会派,"1,2,3,4,5",1370,農業・水産業,0.159915,13,"牧場,漁港,農村,食材,肥料"
上里樹,上里 樹,文教社会委員会委員長,男,日本共産党,無会派,"1,2,3,4,5",1370,観光・産業,0.191463,16,"物価,旅費,朗読,物品,購買"
上里樹,上里 樹,文教社会委員会委員長,男,日本共産党,無会派,"1,2,3,4,5",1370,環境・防災,0.483697,34,"断層,崖下,消火,地震,土砂"
上里樹,上里 樹,文教社会委員会委員長,男,日本共産党,無会派,"1,2,3,4,5",1370,財政・税金,0.653366,41,"増税,分納,精算,減税,清算"
上里樹,上里 樹,文教社会委員会委員長,男,日本共産党,無会派,"1,2,3,4,5",1370,行政・議会運営,1.164455,70,"謝罪,開示,得票,審理,陳情"
上里樹,上里 樹,文教社会委員会委員長,男,日本共産党,無会派,"1,2,3,4,5",1370,安全保障・基地問題,0.592696,28,"弾薬,火薬,戦争,軍事,駐屯"
仲里タカ子,仲里 タカ子,議員,女,無所属,-,4,528,暮らし・福祉,0.406248,16,"社協,引っ越し,難病,年金,就農"
仲里タカ子,仲里 タカ子,議員,女,無所属,-,4,528,医療・健康,0.39319,15,"ｐｃｒ,疎通,難病,接種,患者"
仲里タカ子,仲里 タカ子,議員,女,無所属,-,4,528,子ども・教育,0.287176,13,"教科,休園,学力,文教,卒業"
仲里タカ子,仲里 タカ子,議員,女,無所属,-,4,528,まちづくり・インフラ,0.474533,18,"取水,水源,埋め立て,水質,浄化"
仲里タカ子,仲里 タカ子,議員,女,無所属,-,4,528,農業・水産業,0.145512,8,"栽培,食料,漁港,農村,食材"
仲里タカ子,仲里 タカ子,議員,女,無所属,-,4,528,観光・産業,0.148057,9,"飲食,物品,旅費,旅客,演奏"
仲里タカ子,仲里 タカ子,議員,女,無所属,-,4,528,環境・防災,0.493096,22,"断層,廃校,汚泥,汚染,雨漏り"
仲里タカ子,仲里 タカ子,議員,女,無所属,-,4,528,財政・税金,0.579272,27,"不納,滞納,公債,債権,収納"
仲里タカ子,仲里 タカ子,議員,女,無所属,-,4,528,行政・議会運営,0.735807,31,"投票,陳情,開示,任務,承諾"
仲里タカ子,仲里 タカ子,議員,女,無所属,-,4,528,安全保障・基地問題,0.530915,15,"弾薬,火薬,有事,駐屯,戦争"
友利毅彦,友利毅彦,事務局長,,,,,289,暮らし・福祉,0.369005,8,"難病,不妊,療養,空き家,人権"
友利毅彦,友利毅彦,事務局長,,,,,289,医療・健康,0.929599,15,"抗原,難病,患者,産後,接種"
友利毅彦,友利毅彦,事務局長,,,,,289,子ども・教育,0.075906,3,"小児,学年,文教"
友利毅彦,友利毅彦,事務局長,,,,,289,まちづくり・インフラ,0.166238,4,"ｌｅｄ,電力,電柱,幹線"
友利毅彦,友利毅彦,事務局長,,,,,289,農業・水産業,0,0,
友利毅彦,友利毅彦,事務局長,,,,,289,観光・産業,0.177061,6,"航路,表彰,飲食,音響,旅客"
友利毅彦,友利毅彦,事務局長,,,,,289,環境・防災,0.067007,3,"軽石,暴風,警報"
友利毅彦,友利毅彦,事務局長,,,,,289,財政・税金,0.270504,7,"損益,還付,財団,税制,補充"
友利毅彦,友利毅彦,事務局長,,,,,289,行政・議会運営,0.920951,25,"請願,陳情,会派,謄本,互選"
友利毅彦,友利毅彦,事務局長,,,,,289,安全保障・基地問題,0.040862,2,"領海,米軍"
平良和彦,平良 和彦,議長,男,無所属,蒼和会,"4,5,6",724,暮らし・福祉,0.216065,12,"就農,人権,空き家,住居,引っ越し"
平良和彦,平良 和彦,議長,男,無所属,蒼和会,"4,5,6",724,医療・健康,0.304466,12,"腎臓,内科,接種,ｐｃｒ,患者"
平良和彦,平良 和彦,議長,男,無所属,蒼和会,"4,5,6",724,子ども・教育,0.346166,16,"学区,文教,学術,学力,教職員"
平良和彦,平良 和彦,議長,男,無所属,蒼和会,"4,5,6",724,まちづくり・インフラ,0.492996,24,"用排水,再建,工務,ｌｅｄ,電力"
平良和彦,平良 和彦,議長,男,無所属,蒼和会,"4,5,6",724,農業・水産業,0.44555,18,"飼料,山羊,漁港,肥料,農振"
平良和彦,平良 和彦,議長,男,無所属,蒼和会,"4,5,6",724,観光・産業,0.379054,18,"物価,祝辞,叙勲,購買,旅客"
平良和彦,平良 和彦,議長,男,無所属,蒼和会,"4,5,6",724,環境・防災,0.544075,27,"軽石,大雨,冠水,漂着,雨水"
平良和彦,平良 和彦,議長,男,無所属,蒼和会,"4,5,6",724,財政・税金,0.378493,22,"補強,収穫,剰余,収納,補充"
平良和彦,平良 和彦,議長,男,無所属,蒼和会,"4,5,6",724,行政・議会運営,0.99358,47,"投票,陳情,当選,選任,行財政"
平良和彦,平良 和彦,議長,男,無所属,蒼和会,"4,5,6",724,安全保障・基地問題,0.290764,12,"有事,領海,領土,米軍,軍事"
砂川和也,砂川 和也,副議長,男,無所属,Next みやこ,"5,6",455,暮らし・福祉,0.247973,10,"移住,空き家,引っ越し,不妊,住居"
砂川和也,砂川 和也,副議長,男,無所属,Next みやこ,"5,6",455,医療・健康,0.116743,5,"不妊,感覚,認知,病気,療養"
砂川和也,砂川 和也,副議長,男,無所属,Next みやこ,"5,6",455,子ども・教育,0.155745,8,"教科,卒業,学年,講座,授業"
砂川和也,砂川 和也,副議長,男,無所属,Next みやこ,"5,6",455,まちづくり・インフラ,0.306974,11,"ｄｘ,ｌｅｄ,電力,農道,電源"
砂川和也,砂川 和也,副議長,男,無所属,Next みやこ,"5,6",455,農業・水産業,0.379404,11,"食肉,漁港,農村,山羊,圃場"
砂川和也,砂川 和也,副議長,男,無所属,Next みやこ,"5,6",455,観光・産業,0.133556,5,"飲食,物価,球場,工芸,ｊｔａ"
砂川和也,砂川 和也,副議長,男,無所属,Next みやこ,"5,6",455,環境・防災,0.516531,17,"軽石,省エネ,冠水,被災,除草"
砂川和也,砂川 和也,副議長,男,無所属,Next みやこ,"5,6",455,財政・税金,0.263559,12,"予備,黒字,ｐｆｉ,収納,補佐"
砂川和也,砂川 和也,副議長,男,無所属,Next みやこ,"5,6",455,行政・議会運営,0.354345,15,"投票,開示,開札,裁量,専任"
砂川和也,砂川 和也,副議長,男,無所属,Next みやこ,"5,6",455,安全保障・基地問題,0.035357,1,有事
下地信広,下地 信広,文教社会委員会委員長,男,無所属,宮古進政会,"4,5",890,暮らし・福祉,0.264279,12,"難病,受給,空き家,年金,休業"
下地信広,下地 信広,文教社会委員会委員長,男,無所属,宮古進政会,"4,5",890,医療・健康,0.520251,14,"腎臓,内科,認知,ｐｃｒ,患者"
下地信広,下地 信広,文教社会委員会委員長,男,無所属,宮古進政会,"4,5",890,子ども・教育,0.270002,12,"文教,卒業,教職員,学園,学力"
下地信広,下地 信広,文教社会委員会委員長,男,無所属,宮古進政会,"4,5",890,まちづくり・インフラ,0.34437,17,"浄水,立方,工区,断水,水質"
下地信広,下地 信広,文教社会委員会委員長,男,無所属,宮古進政会,"4,5",890,農業・水産業,0.17626,10,"肥料,漁港,食料,農村,農道"
下地信広,下地 信広,文教社会委員会委員長,男,無所属,宮古進政会,"4,5",890,観光・産業,0.251087,14,"旅客,物価,飲食,物品,物流"
下地信広,下地 信広,文教社会委員会委員長,男,無所属,宮古進政会,"4,5",890,環境・防災,0.514155,24,"軽石,雨水,防除,充電,断水"
下地信広,下地 信広,文教社会委員会委員長,男,無所属,宮古進政会,"4,5",890,財政・税金,0.369753,21,"加算,財務,滞納,増税,減税"
下地信広,下地 信広,文教社会委員会委員長,男,無所属,宮古進政会,"4,5",890,行政・議会運営,0.765318,36,"陳情,起用,連帯,連合,政権"
下地信広,下地 信広,文教社会委員会委員長,男,無所属,宮古進政会,"4,5",890,安全保障・基地問題,0.039105,2,"有事,米軍"
富浜靖雄,富浜 靖雄,総務財政委員会委員長,男,公明党,公明,"5,6",489,暮らし・福祉,0.166804,7,"空き家,年金,住居,移住,傍聴"
富浜靖雄,富浜 靖雄,総務財政委員会委員長,男,公明党,公明,"5,6",489,医療・健康,0.217975,7,"接種,感覚,痛み,産後,病気"
富浜靖雄,富浜 靖雄,総務財政委員会委員長,男,公明党,公明,"5,6",489,子ども・教育,0.117764,7,"学年,卒業,教科,休校,学園"
富浜靖雄,富浜 靖雄,総務財政委員会委員長,男,公明党,公明,"5,6",489,まちづくり・インフラ,0.364037,13,"電源,汚泥,ｄｘ,ｉｃｔ,ｌｅｄ"
富浜靖雄,富浜 靖雄,総務財政委員会委員長,男,公明党,公明,"5,6",489,農業・水産業,0.107658,6,"食料,肥料,飼料,養殖,食材"
富浜靖雄,富浜 靖雄,総務財政委員会委員長,男,公明党,公明,"5,6",489,観光・産業,0.218694,8,"物産,物流,ｊｔａ,物価,表彰"
富浜靖雄,富浜 靖雄,総務財政委員会委員長,男,公明党,公明,"5,6",489,環境・防災,0.495821,15,"蓄電,冠水,充電,炭素,大雨"
富浜靖雄,富浜 靖雄,総務財政委員会委員長,男,公明党,公明,"5,6",489,財政・税金,0.21096,9,"ｐｆｉ,収穫,銀行,賦課,随意"
富浜靖雄,富浜 靖雄,総務財政委員会委員長,男,公明党,公明,"5,6",489,行政・議会運営,0.462698,19,"選考,選任,任期,会派,市税"
富浜靖雄,富浜 靖雄,総務財政委員会委員長,男,公明党,公明,"5,6",489,安全保障・基地問題,0.085492,4,"軍艦,戦争,追悼,戦没"
狩俣勝成,狩俣 勝成,経済工務委員会委員長,男,無所属,幸政会,"5,6",535,暮らし・福祉,0.168936,7,"空き家,就農,休業,住居,扶養"
狩俣勝成,狩俣 勝成,経済工務委員会委員長,男,無所属,幸政会,"5,6",535,医療・健康,0.060321,4,"接種,感覚,患者,病気"
狩俣勝成,狩俣 勝成,経済工務委員会委員長,男,無所属,幸政会,"5,6",535,子ども・教育,0.266806,11,"学区,卒業,校長,入学,校区"
狩俣勝成,狩俣 勝成,経済工務委員会委員長,男,無所属,幸政会,"5,6",535,まちづくり・インフラ,0.354906,15,"工務,工区,浄水,用排水,ｌｅｄ"
狩俣勝成,狩俣 勝成,経済工務委員会委員長,男,無所属,幸政会,"5,6",535,農業・水産業,0.472428,15,"耕土,農村,肥育,和牛,飼料"
狩俣勝成,狩俣 勝成,経済工務委員会委員長,男,無所属,幸政会,"5,6",535,観光・産業,0.229247,12,"購買,物価,製造,物産,祝辞"
狩俣勝成,狩俣 勝成,経済工務委員会委員長,男,無所属,幸政会,"5,6",535,環境・防災,0.552344,21,"地震,津波,除草,省エネ,冠水"
狩俣勝成,狩俣 勝成,経済工務委員会委員長,男,無所属,幸政会,"5,6",535,財政・税金,0.246168,11,"返済,収穫,買収,剰余,還元"
狩俣勝成,狩俣 勝成,経済工務委員会委員長,男,無所属,幸政会,"5,6",535,行政・議会運営,0.673031,30,"請願,解散,任用,再任,選考"
狩俣勝成,狩俣 勝成,経済工務委員会委員長,男,無所属,幸政会,"5,6",535,安全保障・基地問題,0.05382,2,"有事,米国"
嘉数登,嘉数 登,市長,,,,,534,暮らし・福祉,0.278879,10,"空き家,住居,難病,休業,人権"
嘉数登,嘉数 登,市長,,,,,534,医療・健康,0.137454,5,"難病,患者,療養,医師,認知"
嘉数登,嘉数 登,市長,,,,,534,子ども・教育,0.229476,11,"学童,卒業,学力,教職員,小児"
嘉数登,嘉数 登,市長,,,,,534,まちづくり・インフラ,0.344191,13,"ｄｘ,用排水,ｌｅｄ,外構,水域"
嘉数登,嘉数 登,市長,,,,,534,農業・水産業,0.234851,10,"牡蠣,食材,養殖,飼料,食料"
嘉数登,嘉数 登,市長,,,,,534,観光・産業,0.282662,12,"物価,旅客,表彰,物流,ｊｔａ"
嘉数登,嘉数 登,市長,,,,,534,環境・防災,0.286046,14,"脱炭,被災,地震,省エネ,汚染"
嘉数登,嘉数 登,市長,,,,,534,財政・税金,0.546261,25,"減給,ｐｆｉ,補佐,税制,還付"
嘉数登,嘉数 登,市長,,,,,534,行政・議会運営,0.891836,35,"訓告,選任,任期,専決,市制"
嘉数登,嘉数 登,市長,,,,,534,安全保障・基地問題,0.201832,10,"戦争,軍事,駐屯,ｅｅｚ,戦没"
前里光健,前里 光健,議会運営委員会委員長,男,無所属,Next みやこ,"4,5,6",945,暮らし・福祉,0.394526,15,"民泊,休業,移住,空き家,尊厳"
前里光健,前里 光健,議会運営委員会委員長,男,無所属,Next みやこ,"4,5,6",945,医療・健康,0.341704,15,"ｐｃｒ,内科,接種,患者,抗原"
前里光健,前里 光健,議会運営委員会委員長,男,無所属,Next みやこ,"4,5,6",945,子ども・教育,0.39017,15,"授業,学園,学力,校長,入学"
前里光健,前里 光健,議会運営委員会委員長,男,無所属,Next みやこ,"4,5,6",945,まちづくり・インフラ,0.53657,25,"ｉｃｔ,ｄｘ,工務,工区,ｉｔ"
前里光健,前里 光健,議会運営委員会委員長,男,無所属,Next みやこ,"4,5,6",945,農業・水産業,0.330296,15,"ｈａｃｃｐ,牡蠣,肥料,農漁業,食材"
前里光健,前里 光健,議会運営委員会委員長,男,無所属,Next みやこ,"4,5,6",945,観光・産業,0.273402,11,"民泊,物流,物価,ｊｔａ,旅客"
前里光健,前里 光健,議会運営委員会委員長,男,無所属,Next みやこ,"4,5,6",945,環境・防災,0.36435,17,"警報,軽石,地震,冠水,津波"
前里光健,前里 光健,議会運営委員会委員長,男,無所属,Next みやこ,"4,5,6",945,財政・税金,0.354543,18,"増税,予備,有償,収穫,減税"
前里光健,前里 光健,議会運営委員会委員長,男,無所属,Next みやこ,"4,5,6",945,行政・議会運営,0.813016,40,"投票,退任,陳情,当選,開示"
前里光健,前里 光健,議会運営委員会委員長,男,無所属,Next みやこ,"4,5,6",945,安全保障・基地問題,0.502984,18,"米兵,兵士,領海,米軍,日米"
石川博幸,石川博幸,企画政策部長,,,,,784,暮らし・福祉,0.081703,4,"就農,住居,弁償,移住"
石川博幸,石川博幸,企画政策部長,,,,,784,医療・健康,0.140072,8,"接種,病気,防疫,医師,疎通"
石川博幸,石川博幸,企画政策部長,,,,,784,子ども・教育,0.049902,4,"講座,学童,学術,学力"
石川博幸,石川博幸,企画政策部長,,,,,784,まちづくり・インフラ,0.470426,21,"底盤,工区,農道,破砕,ｄｘ"
石川博幸,石川博幸,企画政策部長,,,,,784,農業・水産業,0.916859,25,"牡蠣,耕土,飼料,山羊,肥育"
石川博幸,石川博幸,企画政策部長,,,,,784,観光・産業,0.27837,11,"物価,物流,製造,購買,飲食"
石川博幸,石川博幸,企画政策部長,,,,,784,環境・防災,0.480008,22,"防除,冠水,飛散,除草,土砂"
石川博幸,石川博幸,企画政策部長,,,,,784,財政・税金,0.386524,25,"収穫,減税,補填,充当,還付"
石川博幸,石川博幸,企画政策部長,,,,,784,行政・議会運営,0.479104,28,"嘆願,勧告,公社,選任,任用"
石川博幸,石川博幸,企画政策部長,,,,,784,安全保障・基地問題,0.054095,3,"駐屯,日米,領海"
川平敏光,川平敏光,観光商工スポーツ部長,,,,,147,暮らし・福祉,0.028783,1,空き家
川平敏光,川平敏光,観光商工スポーツ部長,,,,,147,医療・健康,0,0,
川平敏光,川平敏光,観光商工スポーツ部長,,,,,147,子ども・教育,0,0,
川平敏光,川平敏光,観光商工スポーツ部長,,,,,147,まちづくり・インフラ,0.159783,3,"ｄｘ,ｌｅｄ,ｉｔ"
川平敏光,川平敏光,観光商工スポーツ部長,,,,,147,農業・水産業,0.024355,1,農村
川平敏光,川平敏光,観光商工スポーツ部長,,,,,147,観光・産業,0.430911,7,"音楽,工芸,飲食,球場,ｊｔａ"
川平敏光,川平敏光,観光商工スポーツ部長,,,,,147,環境・防災,0.123398,4,"汚染,流用,冠水,雨漏り"
川平敏光,川平敏光,観光商工スポーツ部長,,,,,147,財政・税金,0.372541,9,"精算,金融,繰り入れ,金利,還元"
川平敏光,川平敏光,観光商工スポーツ部長,,,,,147,行政・議会運営,0.358793,7,"被告,市制,陳情,職種,規格"
川平敏光,川平敏光,観光商工スポーツ部長,,,,,147,安全保障・基地問題,0,0,
上地俊暢,上地俊暢,総務部長,,,,,234,暮らし・福祉,0.266437,9,"年金,空き家,労務,不妊,傍聴"
上地俊暢,上地俊暢,総務部長,,,,,234,医療・健康,0.131974,5,"病気,不妊,難病,患者,医師"
上地俊暢,上地俊暢,総務部長,,,,,234,子ども・教育,0.075674,3,"講座,園児,学区"
上地俊暢,上地俊暢,総務部長,,,,,234,まちづくり・インフラ,0.056706,2,"ｄｘ,約款"
上地俊暢,上地俊暢,総務部長,,,,,234,農業・水産業,0,0,
上地俊暢,上地俊暢,総務部長,,,,,234,観光・産業,0.084426,3,"物価,ｊｔａ,飲食"
上地俊暢,上地俊暢,総務部長,,,,,234,環境・防災,0.213304,6,"地震,津波,発電,防火,流用"
上地俊暢,上地俊暢,総務部長,,,,,234,財政・税金,0.923013,21,"還付,税額,減税,充当,随意"
上地俊暢,上地俊暢,総務部長,,,,,234,行政・議会運営,0.68142,17,"任用,職種,随意,選考,役職"
上地俊暢,上地俊暢,総務部長,,,,,234,安全保障・基地問題,0.039584,1,有事
下地茜,下地 茜,総務財政委員会委員長,女,無所属,市民フォーラムまてぃだ,"5,6",539,暮らし・福祉,0.3681,15,"空き家,人権,就農,尊厳,療養"
下地茜,下地 茜,総務財政委員会委員長,女,無所属,市民フォーラムまてぃだ,"5,6",539,医療・健康,0.482016,16,"腎臓,ｐｃｒ,患者,疎通,内科"
下地茜,下地 茜,総務財政委員会委員長,女,無所属,市民フォーラムまてぃだ,"5,6",539,子ども・教育,0.217658,11,"学術,休園,講座,学区,文教"
下地茜,下地 茜,総務財政委員会委員長,女,無所属,市民フォーラムまてぃだ,"5,6",539,まちづくり・インフラ,0.44279,16,"ｌｅｄ,ｄｘ,水源,浄水,取水"
下地茜,下地 茜,総務財政委員会委員長,女,無所属,市民フォーラムまてぃだ,"5,6",539,農業・水産業,0.301618,14,"山羊,食料,珊瑚,飼料,肥料"
下地茜,下地 茜,総務財政委員会委員長,女,無所属,市民フォーラムまてぃだ,"5,6",539,観光・産業,0.1506,9,"物価,民宿,物流,飲食,ｊｔａ"
下地茜,下地 茜,総務財政委員会委員長,女,無所属,市民フォーラムまてぃだ,"5,6",539,環境・防災,0.348925,18,"消火,廃校,土砂,珊瑚,汚染"
下地茜,下地 茜,総務財政委員会委員長,女,無所属,市民フォーラムまてぃだ,"5,6",539,財政・税金,0.269395,16,"ｐｆｉ,繰り入れ,収穫,補填,予備"
下地茜,下地 茜,総務財政委員会委員長,女,無所属,市民フォーラムまてぃだ,"5,6",539,行政・議会運営,0.772546,36,"陳情,勧告,任務,連帯,市議"
下地茜,下地 茜,総務財政委員会委員長,女,無所属,市民フォーラムまてぃだ,"5,6",539,安全保障・基地問題,0.883489,22,"遺骨,有事,火薬,射撃,誤発"
狩俣博幸,狩俣博幸,市民生活部長,,,,,162,暮らし・福祉,0.177674,5,"難病,住居,不妊,扶養,受給"
狩俣博幸,狩俣博幸,市民生活部長,,,,,162,医療・健康,0.904254,13,"肝炎,接種,患者,内科,疾患"
狩俣博幸,狩俣博幸,市民生活部長,,,,,162,子ども・教育,0.022083,1,講座
狩俣博幸,狩俣博幸,市民生活部長,,,,,162,まちづくり・インフラ,0.230153,4,"ｌｅｄ,ｄｘ,電力,造成"
狩俣博幸,狩俣博幸,市民生活部長,,,,,162,農業・水産業,0,0,
狩俣博幸,狩俣博幸,市民生活部長,,,,,162,観光・産業,0.046126,2,"物価,飲食"
狩俣博幸,狩俣博幸,市民生活部長,,,,,162,環境・防災,0.081923,2,"省エネ,雨漏り"
狩俣博幸,狩俣博幸,市民生活部長,,,,,162,財政・税金,0.39338,10,"還付,税額,滞納,分納,補佐"
狩俣博幸,狩俣博幸,市民生活部長,,,,,162,行政・議会運営,0.282769,8,"任用,再任,承諾,告知,連帯"
狩俣博幸,狩俣博幸,市民生活部長,,,,,162,安全保障・基地問題,0.026593,1,駐屯
砂川朗,砂川 朗,副市長,,,,,785,暮らし・福祉,0.134024,5,"就農,民宿,就労,移住,休業"
砂川朗,砂川 朗,副市長,,,,,785,医療・健康,0.031053,2,"認知,疎通"
砂川朗,砂川 朗,副市長,,,,,785,子ども・教育,0.093651,5,"入学,卒業,教職員,授業,講座"
砂川朗,砂川 朗,副市長,,,,,785,まちづくり・インフラ,0.485354,21,"浚渫,汚泥,土砂,工区,浄化"
砂川朗,砂川 朗,副市長,,,,,785,農業・水産業,0.728352,20,"肥育,山羊,食肉,飼料,肥料"
砂川朗,砂川 朗,副市長,,,,,785,観光・産業,0.483201,17,"球場,物価,民宿,ｊｔａ,物産"
砂川朗,砂川 朗,副市長,,,,,785,環境・防災,0.550332,20,"防除,充電,汚泥,軽石,冠水"
砂川朗,砂川 朗,副市長,,,,,785,財政・税金,0.69226,29,"公債,収穫,還元,起債,充当"
砂川朗,砂川 朗,副市長,,,,,785,行政・議会運営,0.471466,27,"任用,訓示,公社,部会,市制"
砂川朗,砂川 朗,副市長,,,,,785,安全保障・基地問題,0.106204,6,"駐屯,有事,軍艦,領海,海軍"
我如古三雄,我如古 三雄,経済工務委員会委員長,男,無所属,蒼和会,"4,5,6",926,暮らし・福祉,0.296662,14,"空き家,社協,休業,療養,就農"
我如古三雄,我如古 三雄,経済工務委員会委員長,男,無所属,蒼和会,"4,5,6",926,医療・健康,0.316926,14,"虐待,ｐｃｒ,接種,療養,健診"
我如古三雄,我如古 三雄,経済工務委員会委員長,男,無所属,蒼和会,"4,5,6",926,子ども・教育,0.29396,13,"学級,学童,園児,卒業,学力"
我如古三雄,我如古 三雄,経済工務委員会委員長,男,無所属,蒼和会,"4,5,6",926,まちづくり・インフラ,0.520587,25,"断水,工務,用排水,浄水,立方"
我如古三雄,我如古 三雄,経済工務委員会委員長,男,無所属,蒼和会,"4,5,6",926,農業・水産業,0.336649,13,"農振,食料,山羊,栽培,圃場"
我如古三雄,我如古 三雄,経済工務委員会委員長,男,無所属,蒼和会,"4,5,6",926,観光・産業,0.267033,11,"楽園,物価,物流,飲食,旅客"
我如古三雄,我如古 三雄,経済工務委員会委員長,男,無所属,蒼和会,"4,5,6",926,環境・防災,0.630888,26,"軽石,断水,地震,脱炭,防除"
我如古三雄,我如古 三雄,経済工務委員会委員長,男,無所属,蒼和会,"4,5,6",926,財政・税金,0.564891,28,"債権,返済,補強,剰余,繰り入れ"
我如古三雄,我如古 三雄,経済工務委員会委員長,男,無所属,蒼和会,"4,5,6",926,行政・議会運営,0.546377,30,"陳情,投票,閉庁,市税,任期"
我如古三雄,我如古 三雄,経済工務委員会委員長,男,無所属,蒼和会,"4,5,6",926,安全保障・基地問題,0.164426,6,"駐屯,有事,弾薬,遺棄,遺体"
下地律子,下地律子,福祉部長,,,,,720,暮らし・福祉,0.393039,11,"就労,扶養,住居,移住,受給"
下地律子,下地律子,福祉部長,,,,,720,医療・健康,0.614842,16,"視力,虐待,疎通,認知,ｐｃｒ"
下地律子,下地律子,福祉部長,,,,,720,子ども・教育,0.496023,16,"休園,園児,講座,卒業,校区"
下地律子,下地律子,福祉部長,,,,,720,まちづくり・インフラ,0.082796,5,"ｉｃｔ,外構,地盤,土砂,浄化"
下地律子,下地律子,福祉部長,,,,,720,農業・水産業,0.058298,4,"食材,栽培,農村,食料"
下地律子,下地律子,福祉部長,,,,,720,観光・産業,0.146514,9,"物品,製造,飲食,ｊｔａ,旅費"
下地律子,下地律子,福祉部長,,,,,720,環境・防災,0.217699,14,"防火,発電,消火,流用,太陽"
下地律子,下地律子,福祉部長,,,,,720,財政・税金,0.475378,19,"補強,加算,補充,滞納,財団"
下地律子,下地律子,福祉部長,,,,,720,行政・議会運営,0.583121,21,"公立,開所,付則,連盟,任用"
下地律子,下地律子,福祉部長,,,,,720,安全保障・基地問題,0.144176,4,"戦没,軍人,軍属,追悼"
垣花和彦,垣花和彦,生活環境部長,,,,,1176,暮らし・福祉,0.380542,16,"不妊,慰謝,労務,難病,民泊"
垣花和彦,垣花和彦,生活環境部長,,,,,1176,医療・健康,0.499233,16,"抗原,ｐｃｒ,不妊,接種,健診"
垣花和彦,垣花和彦,生活環境部長,,,,,1176,子ども・教育,0.145284,9,"小児,学園,講座,卒業,学力"
垣花和彦,垣花和彦,生活環境部長,,,,,1176,まちづくり・インフラ,0.490898,24,"ｄｘ,汚泥,破砕,浄化,電力"
垣花和彦,垣花和彦,生活環境部長,,,,,1176,農業・水産業,0.214604,15,"ｈａｃｃｐ,海産,食料,珊瑚,農村"
垣花和彦,垣花和彦,生活環境部長,,,,,1176,観光・産業,0.393887,18,"民泊,物産,飲食,音楽,工芸"
垣花和彦,垣花和彦,生活環境部長,,,,,1176,環境・防災,0.726905,34,"酸化,充電,漂着,炭素,汚泥"
垣花和彦,垣花和彦,生活環境部長,,,,,1176,財政・税金,0.592777,34,"追認,税額,財団,収納,繰り入れ"
垣花和彦,垣花和彦,生活環境部長,,,,,1176,行政・議会運営,0.627094,41,"専決,告知,任用,決裁,起案"
垣花和彦,垣花和彦,生活環境部長,,,,,1176,安全保障・基地問題,0.449188,21,"弾薬,遺棄,火薬,遺体,駐屯"
楚南幸哉,楚南幸哉,観光商工部長,,,,,438,暮らし・福祉,0.19126,6,"民泊,休業,民宿,受給,扶養"
楚南幸哉,楚南幸哉,観光商工部長,,,,,438,医療・健康,0.133987,5,"ｐｃｒ,健診,認知,医師,病気"
楚南幸哉,楚南幸哉,観光商工部長,,,,,438,子ども・教育,0.052251,3,"学区,休校,授業"
楚南幸哉,楚南幸哉,観光商工部長,,,,,438,まちづくり・インフラ,0.203252,9,"敷設,電力,電柱,土砂,浄化"
楚南幸哉,楚南幸哉,観光商工部長,,,,,438,農業・水産業,0.105764,3,"珊瑚,牧場,漁港"
楚南幸哉,楚南幸哉,観光商工部長,,,,,438,観光・産業,0.473785,12,"民泊,演奏,ｊｔａ,工芸,飲食"
楚南幸哉,楚南幸哉,観光商工部長,,,,,438,環境・防災,0.452695,16,"除草,珊瑚,断層,消火,被災"
楚南幸哉,楚南幸哉,観光商工部長,,,,,438,財政・税金,0.262352,10,"公庫,金融,銀行,概算,賃借"
楚南幸哉,楚南幸哉,観光商工部長,,,,,438,行政・議会運営,0.281199,12,"部会,職種,付帯,規格,告知"
楚南幸哉,楚南幸哉,観光商工部長,,,,,438,安全保障・基地問題,0.114697,3,"火傷,遺跡,弾薬"
下地康教,下地康教,建設部長,,,,,1012,暮らし・福祉,0.142582,5,"空き家,労務,住居,療養,移住"
下地康教,下地康教,建設部長,,,,,1012,医療・健康,0.085102,7,"防疫,病気,痛み,感覚,療養"
下地康教,下地康教,建設部長,,,,,1012,子ども・教育,0.05293,5,"学童,小児,学園,学区,文教"
下地康教,下地康教,建設部長,,,,,1012,まちづくり・インフラ,0.588701,18,"埠頭,電柱,幹線,型枠,埋め立て"
下地康教,下地康教,建設部長,,,,,1012,農業・水産業,0.155267,8,"漁港,珊瑚,農道,農村,牧場"
下地康教,下地康教,建設部長,,,,,1012,観光・産業,0.330488,14,"旅客,球場,物流,ｊｔａ,航路"
下地康教,下地康教,建設部長,,,,,1012,環境・防災,0.428781,17,"雨水,冠水,破損,土砂,省エネ"
下地康教,下地康教,建設部長,,,,,1012,財政・税金,0.673816,27,"買収,分納,ｐｆｉ,清算,公庫"
下地康教,下地康教,建設部長,,,,,1012,行政・議会運営,0.545095,22,"公報,裁決,開通,専決,部会"
下地康教,下地康教,建設部長,,,,,1012,安全保障・基地問題,0.090066,4,"米兵,駐屯,米軍,有事"
兼島方昭,兼島方昭,上下水道部長,,,,,307,暮らし・福祉,0.070191,4,"民泊,引っ越し,年金,休業"
兼島方昭,兼島方昭,上下水道部長,,,,,307,医療・健康,0.020396,1,外科
兼島方昭,兼島方昭,上下水道部長,,,,,307,子ども・教育,0.032117,2,"学術,学区"
兼島方昭,兼島方昭,上下水道部長,,,,,307,まちづくり・インフラ,0.85318,15,"浄水,取水,転圧,水量,水源"
兼島方昭,兼島方昭,上下水道部長,,,,,307,農業・水産業,0.049382,3,"農振,珊瑚,肥料"
兼島方昭,兼島方昭,上下水道部長,,,,,307,観光・産業,0.078403,3,"物価,飲食,民泊"
兼島方昭,兼島方昭,上下水道部長,,,,,307,環境・防災,0.559819,17,"断水,雨水,断層,汚濁,汚染"
兼島方昭,兼島方昭,上下水道部長,,,,,307,財政・税金,0.445224,14,"債権,不納,ｐｆｉ,繰り入れ,減価"
兼島方昭,兼島方昭,上下水道部長,,,,,307,行政・議会運営,0.202255,8,"請願,規格,判決,付帯,記入"
兼島方昭,兼島方昭,上下水道部長,,,,,307,安全保障・基地問題,0.04773,2,"駐屯,有事"
濱元雅浩,濱元 雅浩,宮古島市議会運営検討特別委員会委員長,男,無所属,-,"3,4",563,暮らし・福祉,0.091576,5,"民泊,住居,就労,年金,休業"
濱元雅浩,濱元 雅浩,宮古島市議会運営検討特別委員会委員長,男,無所属,-,"3,4",563,医療・健康,0.122147,6,"健診,感覚,患者,疎通,ｐｃｒ"
濱元雅浩,濱元 雅浩,宮古島市議会運営検討特別委員会委員長,男,無所属,-,"3,4",563,子ども・教育,0.271862,14,"休園,教職員,休校,学力,文教"
濱元雅浩,濱元 雅浩,宮古島市議会運営検討特別委員会委員長,男,無所属,-,"3,4",563,まちづくり・インフラ,0.46544,21,"汚泥,電力,浄化,幹線,埋め立て"
濱元雅浩,濱元 雅浩,宮古島市議会運営検討特別委員会委員長,男,無所属,-,"3,4",563,農業・水産業,0.19293,8,"珊瑚,生乳,食料,牧場,栽培"
濱元雅浩,濱元 雅浩,宮古島市議会運営検討特別委員会委員長,男,無所属,-,"3,4",563,観光・産業,0.324008,13,"周遊,音響,製造,旅客,飲食"
濱元雅浩,濱元 雅浩,宮古島市議会運営検討特別委員会委員長,男,無所属,-,"3,4",563,環境・防災,0.770701,31,"充電,汚泥,雨水,脱炭,珊瑚"
濱元雅浩,濱元 雅浩,宮古島市議会運営検討特別委員会委員長,男,無所属,-,"3,4",563,財政・税金,0.466028,21,"減給,予備,ｐｆｉ,前払い,追認"
濱元雅浩,濱元 雅浩,宮古島市議会運営検討特別委員会委員長,男,無所属,-,"3,4",563,行政・議会運営,0.912971,40,"投票,告発,専決,陳情,再任"
濱元雅浩,濱元 雅浩,宮古島市議会運営検討特別委員会委員長,男,無所属,-,"3,4",563,安全保障・基地問題,0.128137,5,"駐屯,弾薬,日米,米軍,火傷"
下地明,下地 明,生涯学習部長,男,無所属,-,"1,2,3",323,暮らし・福祉,0.088496,6,"傍聴,就労,引っ越し,就農,弁償"
下地明,下地 明,生涯学習部長,男,無所属,-,"1,2,3",323,医療・健康,0.158903,9,"産後,健診,虐待,外科,診療"
下地明,下地 明,生涯学習部長,男,無所属,-,"1,2,3",323,子ども・教育,0.225518,12,"学区,学術,講座,卒業,学力"
下地明,下地 明,生涯学習部長,男,無所属,-,"1,2,3",323,まちづくり・インフラ,0.186492,12,"水源,外構,造成,再建,工法"
下地明,下地 明,生涯学習部長,男,無所属,-,"1,2,3",323,農業・水産業,0.311679,15,"蕎麦,牧場,圃場,肥育,栽培"
下地明,下地 明,生涯学習部長,男,無所属,-,"1,2,3",323,観光・産業,0.236162,12,"球場,表彰,物品,購買,音声"
下地明,下地 明,生涯学習部長,男,無所属,-,"1,2,3",323,環境・防災,0.489448,21,"防火,防除,洪水,消火,破損"
下地明,下地 明,生涯学習部長,男,無所属,-,"1,2,3",323,財政・税金,0.221503,12,"収穫,財団,補強,落札,損傷"
下地明,下地 明,生涯学習部長,男,無所属,-,"1,2,3",323,行政・議会運営,0.627333,35,"昇任,開通,会派,連盟,公益"
下地明,下地 明,生涯学習部長,男,無所属,-,"1,2,3",323,安全保障・基地問題,0.110767,5,"遺跡,殺傷,領土,戦争,米国"
上地成人,上地成人,伊良部支所長,,,,,344,暮らし・福祉,0.130079,3,"民宿,休業,受給"
上地成人,上地成人,伊良部支所長,,,,,344,医療・健康,0.183071,3,"ｐｃｒ,抗原,接種"
上地成人,上地成人,伊良部支所長,,,,,344,子ども・教育,0.033606,2,"学園,校長"
上地成人,上地成人,伊良部支所長,,,,,344,まちづくり・インフラ,0.280682,9,"工法,再建,造成,水量,電力"
上地成人,上地成人,伊良部支所長,,,,,344,農業・水産業,0.084688,4,"食材,山羊,珊瑚,農道"
上地成人,上地成人,伊良部支所長,,,,,344,観光・産業,0.480859,12,"物産,飲食,ｊｔａ,球場,民宿"
上地成人,上地成人,伊良部支所長,,,,,344,環境・防災,0.331665,12,"雨漏り,破損,被災,発電,雨量"
上地成人,上地成人,伊良部支所長,,,,,344,財政・税金,0.188202,8,"ｐｆｉ,税額,損傷,補充,納入"
上地成人,上地成人,伊良部支所長,,,,,344,行政・議会運営,0.311692,11,"投票,辞任,開通,閉鎖,開票"
上地成人,上地成人,伊良部支所長,,,,,344,安全保障・基地問題,0,0,
眞栄城徳彦,眞栄城 徳彦,総務財政委員会委員長,男,無所属,-,"1,2,3,4",2581,暮らし・福祉,0.306818,21,"就農,難病,傍聴,人権,空き家"
眞栄城徳彦,眞栄城 徳彦,総務財政委員会委員長,男,無所属,-,"1,2,3,4",2581,医療・健康,0.311246,22,"肝炎,難病,虐待,健診,患者"
眞栄城徳彦,眞栄城 徳彦,総務財政委員会委員長,男,無所属,-,"1,2,3,4",2581,子ども・教育,0.305063,20,"学級,学力,文教,校区,教科"
眞栄城徳彦,眞栄城 徳彦,総務財政委員会委員長,男,無所属,-,"1,2,3,4",2581,まちづくり・インフラ,0.490523,35,"浚渫,用排水,再建,工務,ｌｅｄ"
眞栄城徳彦,眞栄城 徳彦,総務財政委員会委員長,男,無所属,-,"1,2,3,4",2581,農業・水産業,0.414095,25,"肥育,漁協,食肉,蕎麦,農漁業"
眞栄城徳彦,眞栄城 徳彦,総務財政委員会委員長,男,無所属,-,"1,2,3,4",2581,観光・産業,0.461281,31,"祝辞,叙勲,周遊,祭場,祝賀"
眞栄城徳彦,眞栄城 徳彦,総務財政委員会委員長,男,無所属,-,"1,2,3,4",2581,環境・防災,0.507437,40,"防除,廃校,山間,漂着,太陽"
眞栄城徳彦,眞栄城 徳彦,総務財政委員会委員長,男,無所属,-,"1,2,3,4",2581,財政・税金,0.774619,53,"随契,債権,追認,公債,不納"
眞栄城徳彦,眞栄城 徳彦,総務財政委員会委員長,男,無所属,-,"1,2,3,4",2581,行政・議会運営,1.154151,81,"請願,随契,表決,陳情,裁決"
眞栄城徳彦,眞栄城 徳彦,総務財政委員会委員長,男,無所属,-,"1,2,3,4",2581,安全保障・基地問題,0.32913,27,"戦争,領海,遺跡,米軍,日米"
大嶺弘明,大嶺弘明,振興開発プロジェクト局長,,,,,926,暮らし・福祉,0.079376,3,"空き家,引っ越し,住居"
大嶺弘明,大嶺弘明,振興開発プロジェクト局長,,,,,926,医療・健康,0.065515,3,"ｐｃｒ,医師,接種"
大嶺弘明,大嶺弘明,振興開発プロジェクト局長,,,,,926,子ども・教育,0.028376,1,学童
大嶺弘明,大嶺弘明,振興開発プロジェクト局長,,,,,926,まちづくり・インフラ,0.918848,26,"断水,水量,取水,敷設,水源"
大嶺弘明,大嶺弘明,振興開発プロジェクト局長,,,,,926,農業・水産業,0.154924,8,"牧場,農振,農漁業,農道,圃場"
大嶺弘明,大嶺弘明,振興開発プロジェクト局長,,,,,926,観光・産業,0.290376,9,"物流,球場,旅客,球団,旅費"
大嶺弘明,大嶺弘明,振興開発プロジェクト局長,,,,,926,環境・防災,0.7274,23,"断水,雨量,冠水,軽石,雨水"
大嶺弘明,大嶺弘明,振興開発プロジェクト局長,,,,,926,財政・税金,0.692751,27,"買収,損傷,ｐｆｉ,清算,起債"
大嶺弘明,大嶺弘明,振興開発プロジェクト局長,,,,,926,行政・議会運営,0.572394,28,"付帯,辞退,連帯,開通,随意"
大嶺弘明,大嶺弘明,振興開発プロジェクト局長,,,,,926,安全保障・基地問題,0.100124,5,"弾薬,艦船,米軍,日米,有事"
友利克,友利 克,企画政策部長,,,,,1434,暮らし・福祉,0.272705,14,"療養,不妊,難病,傍聴,引っ越し"
友利克,友利 克,企画政策部長,,,,,1434,医療・健康,0.400981,16,"接種,ｐｃｒ,療養,不妊,産後"
友利克,友利 克,企画政策部長,,,,,1434,子ども・教育,0.297334,16,"小児,学園,学年,講座,卒業"
友利克,友利 克,企画政策部長,,,,,1434,まちづくり・インフラ,0.536639,28,"汚泥,電源,ｉｃｔ,電力,工区"
友利克,友利 克,企画政策部長,,,,,1434,農業・水産業,0.208157,14,"肥料,珊瑚,食料,漁港,農村"
友利克,友利 克,企画政策部長,,,,,1434,観光・産業,0.382464,21,"旅客,音響,製造,航路,旅費"
友利克,友利 克,企画政策部長,,,,,1434,環境・防災,0.599378,28,"軽石,充電,蓄電,汚泥,漂着"
友利克,友利 克,企画政策部長,,,,,1434,財政・税金,0.437554,30,"有償,充当,概算,黒字,起債"
友利克,友利 克,企画政策部長,,,,,1434,行政・議会運営,0.52242,35,"開示,首長,付帯,部会,任務"
友利克,友利 克,企画政策部長,,,,,1434,安全保障・基地問題,0.308853,12,"火薬,弾薬,射撃,駐屯,遺跡"
宮國博,宮國 博,教育長,,,,,630,暮らし・福祉,0.10469,5,"休業,人権,空き家,尊厳,移住"
宮國博,宮國 博,教育長,,,,,630,医療・健康,0.114195,6,"疎通,虐待,病気,医師,感覚"
宮國博,宮國 博,教育長,,,,,630,子ども・教育,0.777151,19,"教科,学力,授業,校区,学園"
宮國博,宮國 博,教育長,,,,,630,まちづくり・インフラ,0.157416,8,"ｉｃｔ,幹線,浄化,農道,ｉｔ"
宮國博,宮國 博,教育長,,,,,630,農業・水産業,0.11829,5,"生乳,食材,農山村,農道,栽培"
宮國博,宮國 博,教育長,,,,,630,観光・産業,0.071418,4,"音楽,音声,物品,表彰"
宮國博,宮國 博,教育長,,,,,630,環境・防災,0.166907,6,"山間,廃校,雨漏り,津波,地震"
宮國博,宮國 博,教育長,,,,,630,財政・税金,0.192526,12,"納入,補強,返済,還元,買収"
宮國博,宮國 博,教育長,,,,,630,行政・議会運営,0.663708,32,"嘆願,連盟,市制,公立,承諾"
宮國博,宮國 博,教育長,,,,,630,安全保障・基地問題,0.140341,5,"領土,遺跡,戦争,領海,領有"
狩俣政作,狩俣 政作,議会運営委員会委員長,男,公明党,公明,"4,5,6",952,暮らし・福祉,0.289334,13,"難病,労務,不妊,休業,空き家"
狩俣政作,狩俣 政作,議会運営委員会委員長,男,公明党,公明,"4,5,6",952,医療・健康,0.623908,21,"肝炎,難病,患者,ｐｃｒ,虐待"
狩俣政作,狩俣 政作,議会運営委員会委員長,男,公明党,公明,"4,5,6",952,子ども・教育,0.454173,18,"学力,授業,教科,小児,卒業"
狩俣政作,狩俣 政作,議会運営委員会委員長,男,公明党,公明,"4,5,6",952,まちづくり・インフラ,0.387078,20,"土工,電力,ｌｅｄ,電源,汚泥"
狩俣政作,狩俣 政作,議会運営委員会委員長,男,公明党,公明,"4,5,6",952,農業・水産業,0.102786,8,"食材,食料,ｈａｃｃｐ,珊瑚,肥料"
狩俣政作,狩俣 政作,議会運営委員会委員長,男,公明党,公明,"4,5,6",952,観光・産業,0.258186,12,"演奏,ｊｔａ,音楽,球場,飲食"
狩俣政作,狩俣 政作,議会運営委員会委員長,男,公明党,公明,"4,5,6",952,環境・防災,0.672901,28,"蓄電,脱炭,省エネ,充電,発電"
狩俣政作,狩俣 政作,議会運営委員会委員長,男,公明党,公明,"4,5,6",952,財政・税金,0.261218,19,"予備,還元,組み替え,概算,補強"
狩俣政作,狩俣 政作,議会運営委員会委員長,男,公明党,公明,"4,5,6",952,行政・議会運営,0.39154,26,"解任,告知,会派,陳情,否決"
狩俣政作,狩俣 政作,議会運営委員会委員長,男,公明党,公明,"4,5,6",952,安全保障・基地問題,0.157789,8,"遺体,遺骨,戦争,追悼,爆撃"
砂川辰夫,砂川 辰夫,議員,男,無所属,-,4,271,暮らし・福祉,0.136988,6,"就労,就農,受給,難病,移住"
砂川辰夫,砂川 辰夫,議員,男,無所属,-,4,271,医療・健康,0.132357,6,"防疫,病気,接種,難病,患者"
砂川辰夫,砂川 辰夫,議員,男,無所属,-,4,271,子ども・教育,0.109322,5,"休園,教職員,小児,学園,校長"
砂川辰夫,砂川 辰夫,議員,男,無所属,-,4,271,まちづくり・インフラ,0.21042,10,"浚渫,浄化,転圧,水質,土砂"
砂川辰夫,砂川 辰夫,議員,男,無所属,-,4,271,農業・水産業,0.384434,10,"山羊,和牛,飼料,漁港,珊瑚"
砂川辰夫,砂川 辰夫,議員,男,無所属,-,4,271,観光・産業,0.082051,3,"購買,音楽,旅費"
砂川辰夫,砂川 辰夫,議員,男,無所属,-,4,271,環境・防災,0.270522,10,"珊瑚,漂着,被災,地震,汚染"
砂川辰夫,砂川 辰夫,議員,男,無所属,-,4,271,財政・税金,0.141238,7,"収納,収穫,銀行,充当,還元"
砂川辰夫,砂川 辰夫,議員,男,無所属,-,4,271,行政・議会運営,0.32111,16,"政党,任務,当選,規約,陳情"
砂川辰夫,砂川 辰夫,議員,男,無所属,-,4,271,安全保障・基地問題,0.275876,9,"弾薬,駐屯,艦船,軍事,有事"
下地勇徳,下地 勇徳,議員,男,無所属,-,"3,4",272,暮らし・福祉,0.208458,7,"民泊,傍聴,療養,就農,休業"
下地勇徳,下地 勇徳,議員,男,無所属,-,"3,4",272,医療・健康,0.23962,7,"接種,ｐｃｒ,視力,感覚,療養"
下地勇徳,下地 勇徳,議員,男,無所属,-,"3,4",272,子ども・教育,0.236756,10,"学区,休校,授業,教職員,学童"
下地勇徳,下地 勇徳,議員,男,無所属,-,"3,4",272,まちづくり・インフラ,0.579963,16,"用排水,汚泥,破砕,残土,土砂"
下地勇徳,下地 勇徳,議員,男,無所属,-,"3,4",272,農業・水産業,0.359651,16,"山羊,農村,漁港,農漁業,糖度"
下地勇徳,下地 勇徳,議員,男,無所属,-,"3,4",272,観光・産業,0.241735,8,"民泊,球場,旅客,球団,ｊｔａ"
下地勇徳,下地 勇徳,議員,男,無所属,-,"3,4",272,環境・防災,0.597012,19,"汚泥,土砂,大雨,防除,廃校"
下地勇徳,下地 勇徳,議員,男,無所属,-,"3,4",272,財政・税金,0.127897,6,"買収,収穫,還元,銀行,補佐"
下地勇徳,下地 勇徳,議員,男,無所属,-,"3,4",272,行政・議会運営,0.25142,11,"連盟,開通,市制,昇任,連合"
下地勇徳,下地 勇徳,議員,男,無所属,-,"3,4",272,安全保障・基地問題,0.038996,2,"拉致,駐屯"
長濱政治,長濱政治,副市長,,,,,1535,暮らし・福祉,0.269509,19,"引っ越し,人権,就農,年金,療養"
長濱政治,長濱政治,副市長,,,,,1535,医療・健康,0.331184,20,"口蹄,防疫,虐待,内科,接種"
長濱政治,長濱政治,副市長,,,,,1535,子ども・教育,0.238389,16,"学術,学級,小児,休園,文教"
長濱政治,長濱政治,副市長,,,,,1535,まちづくり・インフラ,0.640351,35,"約款,埠頭,工区,架橋,用排水"
長濱政治,長濱政治,副市長,,,,,1535,農業・水産業,0.401838,22,"漁協,珊瑚,蕎麦,農漁業,漁港"
長濱政治,長濱政治,副市長,,,,,1535,観光・産業,0.438338,23,"球団,演奏,旅客,球場,航路"
長濱政治,長濱政治,副市長,,,,,1535,環境・防災,0.628063,35,"汚濁,崖下,漂流,漂着,断層"
長濱政治,長濱政治,副市長,,,,,1535,財政・税金,0.959491,48,"随契,追認,清算,公庫,減給"
長濱政治,長濱政治,副市長,,,,,1535,行政・議会運営,1.23677,68,"訓告,随契,審理,再任,判決"
長濱政治,長濱政治,副市長,,,,,1535,安全保障・基地問題,0.286637,16,"艦隊,海軍,米軍,米国,日米"
高吉幸光,高吉 幸光,副議長,男,公明党,公明,"2,3,4",441,暮らし・福祉,0.21758,11,"不妊,民泊,療養,空き家,受給"
高吉幸光,高吉 幸光,副議長,男,公明党,公明,"2,3,4",441,医療・健康,0.341551,15,"不妊,口蹄,接種,療養,医師"
高吉幸光,高吉 幸光,副議長,男,公明党,公明,"2,3,4",441,子ども・教育,0.309822,17,"学級,休校,教科,授業,学力"
高吉幸光,高吉 幸光,副議長,男,公明党,公明,"2,3,4",441,まちづくり・インフラ,0.418379,20,"電源,断水,ｉｃｔ,工務,再建"
高吉幸光,高吉 幸光,副議長,男,公明党,公明,"2,3,4",441,農業・水産業,0.519129,22,"ｇａｐ,山羊,蕎麦,精肉,牧場"
高吉幸光,高吉 幸光,副議長,男,公明党,公明,"2,3,4",441,観光・産業,0.371204,18,"航路,球団,民泊,旅客,飲食"
高吉幸光,高吉 幸光,副議長,男,公明党,公明,"2,3,4",441,環境・防災,0.548107,27,"充電,酸化,断水,蓄電,炭素"
高吉幸光,高吉 幸光,副議長,男,公明党,公明,"2,3,4",441,財政・税金,0.381657,25,"収納,返済,損傷,滞納,追認"
高吉幸光,高吉 幸光,副議長,男,公明党,公明,"2,3,4",441,行政・議会運営,0.613213,34,"陳謝,閉庁,陳情,流会,規格"
高吉幸光,高吉 幸光,副議長,男,公明党,公明,"2,3,4",441,安全保障・基地問題,0.058207,5,"米国,駐屯,遺跡,有事,米軍"
粟国恒広,粟国 恒広,議会運営委員会委員長,男,無所属,地域創生保守会,"3,4,5,6",1008,暮らし・福祉,0.189718,12,"空き家,民泊,不妊,移住,就労"
粟国恒広,粟国 恒広,議会運営委員会委員長,男,無所属,地域創生保守会,"3,4,5,6",1008,医療・健康,0.370539,19,"抗原,ｐｃｒ,接種,外科,疎通"
粟国恒広,粟国 恒広,議会運営委員会委員長,男,無所属,地域創生保守会,"3,4,5,6",1008,子ども・教育,0.345263,18,"授業,学園,園児,学力,卒業"
粟国恒広,粟国 恒広,議会運営委員会委員長,男,無所属,地域創生保守会,"3,4,5,6",1008,まちづくり・インフラ,0.593752,31,"外構,農道,水質,工区,残土"
粟国恒広,粟国 恒広,議会運営委員会委員長,男,無所属,地域創生保守会,"3,4,5,6",1008,農業・水産業,0.48674,22,"漁港,養殖,蕎麦,圃場,牧場"
粟国恒広,粟国 恒広,議会運営委員会委員長,男,無所属,地域創生保守会,"3,4,5,6",1008,観光・産業,0.395499,19,"球団,球場,ｊｔａ,旅客,祝辞"
粟国恒広,粟国 恒広,議会運営委員会委員長,男,無所属,地域創生保守会,"3,4,5,6",1008,環境・防災,0.442235,22,"軽石,脱炭,防除,漂着,珊瑚"
粟国恒広,粟国 恒広,議会運営委員会委員長,男,無所属,地域創生保守会,"3,4,5,6",1008,財政・税金,0.598399,37,"ｐｆｉ,収穫,損益,予備,還元"
粟国恒広,粟国 恒広,議会運営委員会委員長,男,無所属,地域創生保守会,"3,4,5,6",1008,行政・議会運営,0.804565,47,"公報,開通,連帯,会派,謝罪"
粟国恒広,粟国 恒広,議会運営委員会委員長,男,無所属,地域創生保守会,"3,4,5,6",1008,安全保障・基地問題,0.45018,21,"拉致,追悼,空軍,駐屯,有事"
平百合香,平 百合香,文教社会委員会副委員長,女,無所属,-,4,314,暮らし・福祉,0.264135,8,"療養,移住,就労,引っ越し,傍聴"
平百合香,平 百合香,文教社会委員会副委員長,女,無所属,-,4,314,医療・健康,0.628265,14,"視力,健診,接種,療養,虐待"
平百合香,平 百合香,文教社会委員会副委員長,女,無所属,-,4,314,子ども・教育,0.202004,9,"文教,小児,校長,園児,学年"
平百合香,平 百合香,文教社会委員会副委員長,女,無所属,-,4,314,まちづくり・インフラ,0.256068,9,"浄化,汚泥,ｉｃｔ,造成,ｉｔ"
平百合香,平 百合香,文教社会委員会副委員長,女,無所属,-,4,314,農業・水産業,0.228907,8,"生乳,珊瑚,農漁業,藻類,食肉"
平百合香,平 百合香,文教社会委員会副委員長,女,無所属,-,4,314,観光・産業,0.181155,8,"物流,航路,ｊｔａ,飲食,民泊"
平百合香,平 百合香,文教社会委員会副委員長,女,無所属,-,4,314,環境・防災,0.175025,7,"珊瑚,汚泥,汚染,廃校,排出"
平百合香,平 百合香,文教社会委員会副委員長,女,無所属,-,4,314,財政・税金,0.115991,6,"滞納,財務,概算,財団,還元"
平百合香,平 百合香,文教社会委員会副委員長,女,無所属,-,4,314,行政・議会運営,0.452173,19,"請願,選考,陳情,投票,公益"
平百合香,平 百合香,文教社会委員会副委員長,女,無所属,-,4,314,安全保障・基地問題,0.137442,2,"火傷,領土"
山里雅彦,山里 雅彦,議長,男,無所属,無会派,"1,2,3,4,5",2916,暮らし・福祉,0.320657,19,"人権,民泊,休業,療養,空き家"
山里雅彦,山里 雅彦,議長,男,無所属,無会派,"1,2,3,4,5",2916,医療・健康,0.437916,24,"ｐｃｒ,視力,口蹄,虐待,接種"
山里雅彦,山里 雅彦,議長,男,無所属,無会派,"1,2,3,4,5",2916,子ども・教育,0.301869,19,"文教,学力,教職員,授業,休校"
山里雅彦,山里 雅彦,議長,男,無所属,無会派,"1,2,3,4,5",2916,まちづくり・インフラ,0.711712,37,"用排水,水門,埠頭,工区,汚泥"
山里雅彦,山里 雅彦,議長,男,無所属,無会派,"1,2,3,4,5",2916,農業・水産業,0.500436,26,"牡蠣,漁港,ｈａｃｃｐ,養殖,漁協"
山里雅彦,山里 雅彦,議長,男,無所属,無会派,"1,2,3,4,5",2916,観光・産業,0.476812,28,"祝辞,民泊,物流,航路,祝賀"
山里雅彦,山里 雅彦,議長,男,無所属,無会派,"1,2,3,4,5",2916,環境・防災,0.81118,42,"漂流,漂着,軽石,噴出,噴火"
山里雅彦,山里 雅彦,議長,男,無所属,無会派,"1,2,3,4,5",2916,財政・税金,0.572813,40,"剰余,補欠,収穫,繰り入れ,ｐｆｉ"
山里雅彦,山里 雅彦,議長,男,無所属,無会派,"1,2,3,4,5",2916,行政・議会運営,1.223702,72,"陳情,議席,表決,動議,流会"
山里雅彦,山里 雅彦,議長,男,無所属,無会派,"1,2,3,4,5",2916,安全保障・基地問題,0.495648,24,"弾薬,ｅｅｚ,火薬,誤発,実弾"
新里匠,新里 匠,議員,男,自由民主党,宮古進政会,"4,5",941,暮らし・福祉,0.223271,11,"不妊,就農,休業,人権,就労"
新里匠,新里 匠,議員,男,自由民主党,宮古進政会,"4,5",941,医療・健康,0.293826,13,"不妊,疎通,ｐｃｒ,接種,医師"
新里匠,新里 匠,議員,男,自由民主党,宮古進政会,"4,5",941,子ども・教育,0.188264,12,"学園,教科,休校,授業,学級"
新里匠,新里 匠,議員,男,自由民主党,宮古進政会,"4,5",941,まちづくり・インフラ,0.482901,21,"断水,水量,取水,埋め立て,埠頭"
新里匠,新里 匠,議員,男,自由民主党,宮古進政会,"4,5",941,農業・水産業,0.341207,17,"農振,ｇａｐ,食料,圃場,飼料"
新里匠,新里 匠,議員,男,自由民主党,宮古進政会,"4,5",941,観光・産業,0.231148,13,"祝賀,物流,物価,飲食,球場"
新里匠,新里 匠,議員,男,自由民主党,宮古進政会,"4,5",941,環境・防災,0.279779,17,"断水,防火,太陽,流用,汚泥"
新里匠,新里 匠,議員,男,自由民主党,宮古進政会,"4,5",941,財政・税金,0.539603,24,"ｐｆｉ,損傷,収穫,金融,落札"
新里匠,新里 匠,議員,男,自由民主党,宮古進政会,"4,5",941,行政・議会運営,1.010689,43,"声明,投票,選考,任用,開示"
新里匠,新里 匠,議員,男,自由民主党,宮古進政会,"4,5",941,安全保障・基地問題,0.348519,14,"日米,米軍,軍属,軍人,領海"
芳山辰巳,芳山辰巳,農業委員会会長,,,,,156,暮らし・福祉,0.071913,3,"空き家,住居,就労"
芳山辰巳,芳山辰巳,農業委員会会長,,,,,156,医療・健康,0,0,
芳山辰巳,芳山辰巳,農業委員会会長,,,,,156,子ども・教育,0.02393,1,学区
芳山辰巳,芳山辰巳,農業委員会会長,,,,,156,まちづくり・インフラ,0.158052,3,"残土,地盤,ｌｅｄ"
芳山辰巳,芳山辰巳,農業委員会会長,,,,,156,農業・水産業,0.202124,4,"農振,栽培,農村,養殖"
芳山辰巳,芳山辰巳,農業委員会会長,,,,,156,観光・産業,0,0,
芳山辰巳,芳山辰巳,農業委員会会長,,,,,156,環境・防災,0,0,
芳山辰巳,芳山辰巳,農業委員会会長,,,,,156,財政・税金,0.070649,1,賃借
芳山辰巳,芳山辰巳,農業委員会会長,,,,,156,行政・議会運営,0.506516,10,"勧告,告発,選任,任期,市議"
芳山辰巳,芳山辰巳,農業委員会会長,,,,,156,安全保障・基地問題,0,0,
来間克,来間 克,消防長,,,,,85,暮らし・福祉,0.04795,1,弁償
来間克,来間 克,消防長,,,,,85,医療・健康,0.127636,4,"患者,抗原,接種,医師"
来間克,来間 克,消防長,,,,,85,子ども・教育,0.071972,2,"小児,講座"
来間克,来間 克,消防長,,,,,85,まちづくり・インフラ,0.19682,5,"約款,水量,数量,土砂,ｉｔ"
来間克,来間 克,消防長,,,,,85,農業・水産業,0,0,
来間克,来間 克,消防長,,,,,85,観光・産業,0.192488,3,"音声,物品,製造"
来間克,来間 克,消防長,,,,,85,環境・防災,0.37083,9,"消火,警戒,警報,土砂,崖下"
来間克,来間 克,消防長,,,,,85,財政・税金,0.262239,6,"納入,収納,随意,落札,公庫"
来間克,来間 克,消防長,,,,,85,行政・議会運営,0.440182,12,"指令,規格,随意,連帯,起用"
来間克,来間 克,消防長,,,,,85,安全保障・基地問題,0.081831,2,"駐屯,弾薬"
砂川一弘,砂川一弘,振興開発プロジェクト局長,,,,,330,暮らし・福祉,0.127958,5,"就農,民泊,休業,引っ越し,受給"
砂川一弘,砂川一弘,振興開発プロジェクト局長,,,,,330,医療・健康,0.031221,3,"診療,接種,病気"
砂川一弘,砂川一弘,振興開発プロジェクト局長,,,,,330,子ども・教育,0.010671,1,講座
砂川一弘,砂川一弘,振興開発プロジェクト局長,,,,,330,まちづくり・インフラ,0.734273,23,"浚渫,取水,工区,農道,土砂"
砂川一弘,砂川一弘,振興開発プロジェクト局長,,,,,330,農業・水産業,0.852496,20,"肥育,蕎麦,養殖,漁港,栽培"
砂川一弘,砂川一弘,振興開発プロジェクト局長,,,,,330,観光・産業,0.192925,8,"航路,製造,売り払い,購買,民泊"
砂川一弘,砂川一弘,振興開発プロジェクト局長,,,,,330,環境・防災,0.41578,14,"防除,土砂,陥没,雨水,珊瑚"
砂川一弘,砂川一弘,振興開発プロジェクト局長,,,,,330,財政・税金,0.468016,21,"収穫,償却,公庫,減価,概算"
砂川一弘,砂川一弘,振興開発プロジェクト局長,,,,,330,行政・議会運営,0.335552,18,"解散,辞退,規格,選考,随意"
砂川一弘,砂川一弘,振興開発プロジェクト局長,,,,,330,安全保障・基地問題,0,0,
棚原芳樹,棚原 芳樹,副議長,男,無所属,-,"1,2,3,4",2345,暮らし・福祉,0.37633,17,"傍聴,人権,弁償,難病,就農"
棚原芳樹,棚原 芳樹,副議長,男,無所属,-,"1,2,3,4",2345,医療・健康,0.236406,14,"外科,難病,療養,診療,患者"
棚原芳樹,棚原 芳樹,副議長,男,無所属,-,"1,2,3,4",2345,子ども・教育,0.315023,18,"文教,学術,教科,休校,学区"
棚原芳樹,棚原 芳樹,副議長,男,無所属,-,"1,2,3,4",2345,まちづくり・インフラ,0.613596,33,"架橋,水域,工務,残土,用排水"
棚原芳樹,棚原 芳樹,副議長,男,無所属,-,"1,2,3,4",2345,農業・水産業,0.460238,24,"農漁業,牧場,漁協,栽培,漁港"
棚原芳樹,棚原 芳樹,副議長,男,無所属,-,"1,2,3,4",2345,観光・産業,0.469498,23,"祝辞,祝賀,受章,表彰,楽園"
棚原芳樹,棚原 芳樹,副議長,男,無所属,-,"1,2,3,4",2345,環境・防災,0.536915,29,"崖下,防除,充電,津波,廃校"
棚原芳樹,棚原 芳樹,副議長,男,無所属,-,"1,2,3,4",2345,財政・税金,0.524672,36,"追認,補欠,損傷,減給,落札"
棚原芳樹,棚原 芳樹,副議長,男,無所属,-,"1,2,3,4",2345,行政・議会運営,1.493239,70,"公報,陳情,請願,議席,表決"
棚原芳樹,棚原 芳樹,副議長,男,無所属,-,"1,2,3,4",2345,安全保障・基地問題,0.579697,24,"遺棄,軍艦,軍属,駐屯,遺体"
仲宗根均,仲宗根 均,会計管理者,,,,,246,暮らし・福祉,0.137473,5,"受給,弁償,引っ越し,休業,就労"
仲宗根均,仲宗根 均,会計管理者,,,,,246,医療・健康,0.125031,6,"認知,病気,虐待,健診,患者"
仲宗根均,仲宗根 均,会計管理者,,,,,246,子ども・教育,0.675587,14,"教科,学級,教職員,学力,授業"
仲宗根均,仲宗根 均,会計管理者,,,,,246,まちづくり・インフラ,0.197167,7,"造成,ｉｃｔ,敷設,外構,地盤"
仲宗根均,仲宗根 均,会計管理者,,,,,246,農業・水産業,0.133134,2,"生乳,食材"
仲宗根均,仲宗根 均,会計管理者,,,,,246,観光・産業,0.09456,3,"表彰,音楽,旅費"
仲宗根均,仲宗根 均,会計管理者,,,,,246,環境・防災,0.128683,4,"雨漏り,廃校,太陽,発電"
仲宗根均,仲宗根 均,会計管理者,,,,,246,財政・税金,0.297428,11,"充当,財団,概算,公債,剰余"
仲宗根均,仲宗根 均,会計管理者,,,,,246,行政・議会運営,0.475333,17,"謄本,承諾,行財政,解散,指令"
仲宗根均,仲宗根 均,会計管理者,,,,,246,安全保障・基地問題,0.019424,1,弾薬
座喜味一幸,座喜味一幸,市長,,,,,1081,暮らし・福祉,0.301784,16,"不妊,難病,人権,就農,傍聴"
座喜味一幸,座喜味一幸,市長,,,,,1081,医療・健康,0.363844,16,"ｐｃｒ,接種,不妊,疎通,難病"
座喜味一幸,座喜味一幸,市長,,,,,1081,子ども・教育,0.17493,12,"学力,卒業,学区,講座,学園"
座喜味一幸,座喜味一幸,市長,,,,,1081,まちづくり・インフラ,0.534577,27,"ｄｘ,ｉｃｔ,工法,水質,水源"
座喜味一幸,座喜味一幸,市長,,,,,1081,農業・水産業,0.492641,23,"農振,食材,山羊,肥料,養殖"
座喜味一幸,座喜味一幸,市長,,,,,1081,観光・産業,0.334004,15,"物流,物価,音響,表彰,球場"
座喜味一幸,座喜味一幸,市長,,,,,1081,環境・防災,0.450761,26,"脱炭,軽石,漂着,噴火,省エネ"
座喜味一幸,座喜味一幸,市長,,,,,1081,財政・税金,0.431972,27,"組み替え,ｐｆｉ,収穫,還元,損益"
座喜味一幸,座喜味一幸,市長,,,,,1081,行政・議会運営,0.790392,40,"政党,専決,選任,解任,任期"
座喜味一幸,座喜味一幸,市長,,,,,1081,安全保障・基地問題,0.266888,12,"弾薬,領海,領土,火薬,有事"
下地秀樹,下地秀樹,振興開発プロジェクト局長,,,,,83,暮らし・福祉,0.251777,4,"引っ越し,労務,傍聴,民宿"
下地秀樹,下地秀樹,振興開発プロジェクト局長,,,,,83,医療・健康,0,0,
下地秀樹,下地秀樹,振興開発プロジェクト局長,,,,,83,子ども・教育,0.033953,1,学術
下地秀樹,下地秀樹,振興開発プロジェクト局長,,,,,83,まちづくり・インフラ,0.477129,5,"外構,工区,約款,数量,敷設"
下地秀樹,下地秀樹,振興開発プロジェクト局長,,,,,83,農業・水産業,0,0,
下地秀樹,下地秀樹,振興開発プロジェクト局長,,,,,83,観光・産業,0.133963,3,"旅費,音声,民宿"
下地秀樹,下地秀樹,振興開発プロジェクト局長,,,,,83,環境・防災,0.029359,1,雨漏り
下地秀樹,下地秀樹,振興開発プロジェクト局長,,,,,83,財政・税金,0.366622,5,"増税,精算,随契,税額,概算"
下地秀樹,下地秀樹,振興開発プロジェクト局長,,,,,83,行政・議会運営,0.214548,4,"規程,決裁,随契,公益"
下地秀樹,下地秀樹,振興開発プロジェクト局長,,,,,83,安全保障・基地問題,0,0,
宮国泰誠,宮国泰誠,総務部長,,,,,310,暮らし・福祉,0.076188,2,"休業,受給"
宮国泰誠,宮国泰誠,総務部長,,,,,310,医療・健康,0.112196,4,"接種,ｐｃｒ,感覚,診療"
宮国泰誠,宮国泰誠,総務部長,,,,,310,子ども・教育,0.0403,2,"学力,卒業"
宮国泰誠,宮国泰誠,総務部長,,,,,310,まちづくり・インフラ,0.563431,10,"土工,型枠,数量,電力,工区"
宮国泰誠,宮国泰誠,総務部長,,,,,310,農業・水産業,0.059903,2,"漁港,食料"
宮国泰誠,宮国泰誠,総務部長,,,,,310,観光・産業,0.16496,5,"物品,旅費,音声,物産,球場"
宮国泰誠,宮国泰誠,総務部長,,,,,310,環境・防災,0.444061,9,"蓄電,充電,太陽,発電,津波"
宮国泰誠,宮国泰誠,総務部長,,,,,310,財政・税金,0.745862,19,"精算,繰り入れ,予備,公債,加算"
宮国泰誠,宮国泰誠,総務部長,,,,,310,行政・議会運営,0.948982,19,"審理,任用,記入,専決,選考"
宮国泰誠,宮国泰誠,総務部長,,,,,310,安全保障・基地問題,0.051308,2,"弾薬,有事"
平良恵栄,平良恵栄,農林水産部長,,,,,300,暮らし・福祉,0.082276,1,就農
平良恵栄,平良恵栄,農林水産部長,,,,,300,医療・健康,0,0,
平良恵栄,平良恵栄,農林水産部長,,,,,300,子ども・教育,0.024852,1,休園
平良恵栄,平良恵栄,農林水産部長,,,,,300,まちづくり・インフラ,0.493424,14,"破砕,用排水,取水,造成,ｉｃｔ"
平良恵栄,平良恵栄,農林水産部長,,,,,300,農業・水産業,0.946972,16,"ｈａｃｃｐ,山羊,漁港,食肉,養殖"
平良恵栄,平良恵栄,農林水産部長,,,,,300,観光・産業,0.082444,4,"飲食,物価,物流,航路"
平良恵栄,平良恵栄,農林水産部長,,,,,300,環境・防災,0.363379,9,"軽石,防除,漂着,土砂,雨漏り"
平良恵栄,平良恵栄,農林水産部長,,,,,300,財政・税金,0.33617,10,"収穫,還元,補填,概算,返済"
平良恵栄,平良恵栄,農林水産部長,,,,,300,行政・議会運営,0.359122,14,"選任,規程,解散,公社,審理"
平良恵栄,平良恵栄,農林水産部長,,,,,300,安全保障・基地問題,0,0,
狩俣勝紀,狩俣 勝紀,議員,男,無所属,幸政会,6,62,暮らし・福祉,0,0,
狩俣勝紀,狩俣 勝紀,議員,男,無所属,幸政会,6,62,医療・健康,0,0,
狩俣勝紀,狩俣 勝紀,議員,男,無所属,幸政会,6,62,子ども・教育,0.068854,2,"卒業,授業"
狩俣勝紀,狩俣 勝紀,議員,男,無所属,幸政会,6,62,まちづくり・インフラ,0.313999,7,"ｉｃｔ,水域,農道,水門,浄水"
狩俣勝紀,狩俣 勝紀,議員,男,無所属,幸政会,6,62,農業・水産業,0.466182,7,"耕土,養殖,圃場,牧場,農道"
狩俣勝紀,狩俣 勝紀,議員,男,無所属,幸政会,6,62,観光・産業,0.080502,2,"航路,表彰"
狩俣勝紀,狩俣 勝紀,議員,男,無所属,幸政会,6,62,環境・防災,0.212455,4,"断層,除草,陥没,雨水"
狩俣勝紀,狩俣 勝紀,議員,男,無所属,幸政会,6,62,財政・税金,0.149824,3,"概算,収穫,補充"
狩俣勝紀,狩俣 勝紀,議員,男,無所属,幸政会,6,62,行政・議会運営,0.090181,2,"解散,連合"
狩俣勝紀,狩俣 勝紀,議員,男,無所属,幸政会,6,62,安全保障・基地問題,0,0,
大城裕子,大城裕子,教育長,,,,,269,暮らし・福祉,0.107978,4,"休業,住居,尊厳,人権"
大城裕子,大城裕子,教育長,,,,,269,医療・健康,0.22585,8,"抗原,虐待,医師,認知,ｐｃｒ"
大城裕子,大城裕子,教育長,,,,,269,子ども・教育,0.797561,18,"教職員,授業,学力,入学,学園"
大城裕子,大城裕子,教育長,,,,,269,まちづくり・インフラ,0.112231,4,"ｉｃｔ,ｄｘ,敷設,ｉｔ"
大城裕子,大城裕子,教育長,,,,,269,農業・水産業,0.048533,2,"食材,食料"
大城裕子,大城裕子,教育長,,,,,269,観光・産業,0.195633,7,"音楽,演奏,球場,物価,工芸"
大城裕子,大城裕子,教育長,,,,,269,環境・防災,0.147513,5,"断層,廃校,漂流,警報,津波"
大城裕子,大城裕子,教育長,,,,,269,財政・税金,0.054544,3,"財団,金融,還元"
大城裕子,大城裕子,教育長,,,,,269,行政・議会運営,0.360201,16,"政党,公立,連合,連帯,連盟"
大城裕子,大城裕子,教育長,,,,,269,安全保障・基地問題,0.063596,2,"領土,戦争"
松堂英彦,松堂英彦,福祉政策課長,,,,,95,暮らし・福祉,0.195323,4,"受給,扶養,休業,住居"
松堂英彦,松堂英彦,福祉政策課長,,,,,95,医療・健康,0.381056,7,"認知,ｐｃｒ,医師,産後,疎通"
松堂英彦,松堂英彦,福祉政策課長,,,,,95,子ども・教育,0.103421,2,"講座,学力"
松堂英彦,松堂英彦,福祉政策課長,,,,,95,まちづくり・インフラ,0.153526,4,"電力,電源,架橋,浄化"
松堂英彦,松堂英彦,福祉政策課長,,,,,95,農業・水産業,0.061281,1,食料
松堂英彦,松堂英彦,福祉政策課長,,,,,95,観光・産業,0.156902,3,"物価,物品,ｊｔａ"
松堂英彦,松堂英彦,福祉政策課長,,,,,95,環境・防災,0.048232,1,蓄電
松堂英彦,松堂英彦,福祉政策課長,,,,,95,財政・税金,0.180724,4,"加算,減税,予備,滞納"
松堂英彦,松堂英彦,福祉政策課長,,,,,95,行政・議会運営,0.184262,4,"専決,部会,開通,閉鎖"
松堂英彦,松堂英彦,福祉政策課長,,,,,95,安全保障・基地問題,0.044778,1,戦没
久貝順一,久貝順一,子ども未来課長,,,,,437,暮らし・福祉,0.149756,6,"空き家,住居,就労,弁償,移住"
久貝順一,久貝順一,子ども未来課長,,,,,437,医療・健康,0.041734,2,"虐待,認知"
久貝順一,久貝順一,子ども未来課長,,,,,437,子ども・教育,0.363401,13,"教職員,校区,学級,学園,学年"
久貝順一,久貝順一,子ども未来課長,,,,,437,まちづくり・インフラ,0.400355,13,"ｄｘ,ｌｅｄ,電力,外構,ｉｃｔ"
久貝順一,久貝順一,子ども未来課長,,,,,437,農業・水産業,0.078075,5,"食材,漁協,飼料,肥料,農村"
久貝順一,久貝順一,子ども未来課長,,,,,437,観光・産業,0.241516,8,"叙勲,物価,物産,製造,旅客"
久貝順一,久貝順一,子ども未来課長,,,,,437,環境・防災,0.717239,19,"脱炭,蓄電,省エネ,充電,太陽"
久貝順一,久貝順一,子ども未来課長,,,,,437,財政・税金,0.337965,15,"随意,補佐,繰り入れ,返済,充当"
久貝順一,久貝順一,子ども未来課長,,,,,437,行政・議会運営,0.405456,21,"市制,随意,選考,任用,連盟"
久貝順一,久貝順一,子ども未来課長,,,,,437,安全保障・基地問題,0.255884,6,"火薬,駐屯,日米,弾薬,米軍"
與那覇勝重,與那覇勝重,会計管理者,,,,,901,暮らし・福祉,0.17409,8,"休業,受給,弁償,扶養,労務"
與那覇勝重,與那覇勝重,会計管理者,,,,,901,医療・健康,0.110762,6,"病気,疎通,患者,産後,虐待"
與那覇勝重,與那覇勝重,会計管理者,,,,,901,子ども・教育,0.050148,3,"教職員,講座,校区"
與那覇勝重,與那覇勝重,会計管理者,,,,,901,まちづくり・インフラ,0.247886,13,"数量,電力,工区,電源,土砂"
與那覇勝重,與那覇勝重,会計管理者,,,,,901,農業・水産業,0.121458,6,"食料,農村,肥料,漁港,山羊"
與那覇勝重,與那覇勝重,会計管理者,,,,,901,観光・産業,0.220653,10,"楽園,物価,旅費,ｊｔａ,飲食"
與那覇勝重,與那覇勝重,会計管理者,,,,,901,環境・防災,0.520213,20,"津波,地震,警報,太陽,発電"
與那覇勝重,與那覇勝重,会計管理者,,,,,901,財政・税金,0.849952,27,"ｐｆｉ,減税,充当,収納,予備"
與那覇勝重,與那覇勝重,会計管理者,,,,,901,行政・議会運営,0.963028,36,"任用,再任,職種,開示,選任"
與那覇勝重,與那覇勝重,会計管理者,,,,,901,安全保障・基地問題,0.077455,3,"有事,軍事,米軍"
下地貴之,下地貴之,事務局長,,,,,379,暮らし・福祉,0.134004,3,"就農,人権,住居"
下地貴之,下地貴之,事務局長,,,,,379,医療・健康,0.054082,3,"認知,接種,病気"
下地貴之,下地貴之,事務局長,,,,,379,子ども・教育,0.040118,2,"文教,教職員"
下地貴之,下地貴之,事務局長,,,,,379,まちづくり・インフラ,0.699508,16,"浄水,水源,水量,立方,農道"
下地貴之,下地貴之,事務局長,,,,,379,農業・水産業,0.844116,17,"牡蠣,耕土,栽培,肥料,農道"
下地貴之,下地貴之,事務局長,,,,,379,観光・産業,0.166201,7,"物流,工芸,音響,旅費,朗読"
下地貴之,下地貴之,事務局長,,,,,379,環境・防災,0.371958,14,"防除,除草,防火,廃校,雨水"
下地貴之,下地貴之,事務局長,,,,,379,財政・税金,0.267086,10,"収穫,買収,還元,金融,金利"
下地貴之,下地貴之,事務局長,,,,,379,行政・議会運営,0.540951,20,"請願,陳情,勧告,辞職,選任"
下地貴之,下地貴之,事務局長,,,,,379,安全保障・基地問題,0.145292,5,"誤発,ｅｅｚ,実弾,爆撃,軍事"
池城健,池城 健,文教社会委員会委員長,男,無所属,新政会,5,462,暮らし・福祉,0.288902,11,"年金,療養,空き家,弁償,休業"
池城健,池城 健,文教社会委員会委員長,男,無所属,新政会,5,462,医療・健康,0.277022,11,"療養,患者,接種,認知,感覚"
池城健,池城 健,文教社会委員会委員長,男,無所属,新政会,5,462,子ども・教育,0.49949,15,"教職員,学級,文教,卒業,授業"
池城健,池城 健,文教社会委員会委員長,男,無所属,新政会,5,462,まちづくり・インフラ,0.15813,7,"浄水,水質,農道,ｉｃｔ,水量"
池城健,池城 健,文教社会委員会委員長,男,無所属,新政会,5,462,農業・水産業,0.197798,7,"食材,栽培,肥料,農道,食料"
池城健,池城 健,文教社会委員会委員長,男,無所属,新政会,5,462,観光・産業,0.203144,7,"物価,表彰,音楽,飲食,演奏"
池城健,池城 健,文教社会委員会委員長,男,無所属,新政会,5,462,環境・防災,0.500585,16,"充電,脱炭,雨漏り,大雨,冠水"
池城健,池城 健,文教社会委員会委員長,男,無所属,新政会,5,462,財政・税金,0.328208,16,"剰余,繰り入れ,金融,税制,加算"
池城健,池城 健,文教社会委員会委員長,男,無所属,新政会,5,462,行政・議会運営,0.695817,26,"陳情,任用,辞職,請願,市議"
池城健,池城 健,文教社会委員会委員長,男,無所属,新政会,5,462,安全保障・基地問題,0,0,
砂川勤,砂川 勤,教育部長,,,,,603,暮らし・福祉,0.174975,7,"住居,人権,空き家,就労,受給"
砂川勤,砂川 勤,教育部長,,,,,603,医療・健康,0.162306,7,"虐待,疾患,病気,内科,療養"
砂川勤,砂川 勤,教育部長,,,,,603,子ども・教育,0.610654,15,"教職員,校区,学級,学園,校長"
砂川勤,砂川 勤,教育部長,,,,,603,まちづくり・インフラ,0.439422,13,"浄水,ｌｅｄ,ｄｘ,水質,外構"
砂川勤,砂川 勤,教育部長,,,,,603,農業・水産業,0.102003,3,"食材,生乳,食料"
砂川勤,砂川 勤,教育部長,,,,,603,観光・産業,0.15971,5,"物価,物品,音楽,旅費,製造"
砂川勤,砂川 勤,教育部長,,,,,603,環境・防災,0.339517,13,"雨漏り,廃校,脱炭,破損,雨水"
砂川勤,砂川 勤,教育部長,,,,,603,財政・税金,0.443917,17,"債権,有償,充当,減価,償却"
砂川勤,砂川 勤,教育部長,,,,,603,行政・議会運営,0.250694,12,"任用,公立,裁量,辞退,選考"
砂川勤,砂川 勤,教育部長,,,,,603,安全保障・基地問題,0,0,
伊川秀樹,伊川秀樹,副市長,,,,,116,暮らし・福祉,0.189109,5,"人権,休業,受給,民宿,弁償"
伊川秀樹,伊川秀樹,副市長,,,,,116,医療・健康,0.196937,5,"診療,認知,医師,ｐｃｒ,接種"
伊川秀樹,伊川秀樹,副市長,,,,,116,子ども・教育,0.163027,5,"卒業,講座,休校,園児,入学"
伊川秀樹,伊川秀樹,副市長,,,,,116,まちづくり・インフラ,0.126482,3,"用排水,水域,架橋"
伊川秀樹,伊川秀樹,副市長,,,,,116,農業・水産業,0.239552,6,"肥料,漁協,農漁業,農村,飼料"
伊川秀樹,伊川秀樹,副市長,,,,,116,観光・産業,0.111118,3,"球団,民宿,物流"
伊川秀樹,伊川秀樹,副市長,,,,,116,環境・防災,0.089756,3,"軽石,漂着,廃校"
伊川秀樹,伊川秀樹,副市長,,,,,116,財政・税金,0.746406,17,"損益,債権,補填,収穫,財務"
伊川秀樹,伊川秀樹,副市長,,,,,116,行政・議会運営,0.525391,15,"行財政,選考,任期,政権,辞退"
伊川秀樹,伊川秀樹,副市長,,,,,116,安全保障・基地問題,0.055275,2,"日米,軍事"
仲宗根美佐子,仲宗根美佐子,福祉部長,,,,,259,暮らし・福祉,0.437268,12,"扶養,就労,不妊,難病,住居"
仲宗根美佐子,仲宗根美佐子,福祉部長,,,,,259,医療・健康,0.625425,12,"虐待,認知,産後,疎通,患者"
仲宗根美佐子,仲宗根美佐子,福祉部長,,,,,259,子ども・教育,0.366303,10,"卒業,講座,小児,園児,学園"
仲宗根美佐子,仲宗根美佐子,福祉部長,,,,,259,まちづくり・インフラ,0.160217,4,"ｉｃｔ,土砂,地盤,電力"
仲宗根美佐子,仲宗根美佐子,福祉部長,,,,,259,農業・水産業,0.049714,1,食材
仲宗根美佐子,仲宗根美佐子,福祉部長,,,,,259,観光・産業,0.080206,2,"物価,音声"
仲宗根美佐子,仲宗根美佐子,福祉部長,,,,,259,環境・防災,0.075756,2,"土砂,警報"
仲宗根美佐子,仲宗根美佐子,福祉部長,,,,,259,財政・税金,0.212883,7,"加算,有償,概算,賃借,精算"
仲宗根美佐子,仲宗根美佐子,福祉部長,,,,,259,行政・議会運営,0.348755,8,"開所,公立,任用,専決,連盟"
仲宗根美佐子,仲宗根美佐子,福祉部長,,,,,259,安全保障・基地問題,0,0,
下地睦子,下地睦子,環境衛生局長,,,,,700,暮らし・福祉,0.236111,9,"空き家,不妊,引っ越し,住居,移住"
下地睦子,下地睦子,環境衛生局長,,,,,700,医療・健康,0.105313,5,"不妊,接種,認知,医師,病気"
下地睦子,下地睦子,環境衛生局長,,,,,700,子ども・教育,0.095926,4,"学術,講座,学区,文教"
下地睦子,下地睦子,環境衛生局長,,,,,700,まちづくり・インフラ,0.95238,28,"ｌｃｄ,底盤,立方,汚泥,破砕"
下地睦子,下地睦子,環境衛生局長,,,,,700,農業・水産業,0.093812,5,"肥料,漁港,農道,農村,山羊"
下地睦子,下地睦子,環境衛生局長,,,,,700,観光・産業,0.1134,7,"物価,製造,飲食,音声,民宿"
下地睦子,下地睦子,環境衛生局長,,,,,700,環境・防災,0.573567,20,"汚泥,排出,雨水,除草,冠水"
下地睦子,下地睦子,環境衛生局長,,,,,700,財政・税金,0.441441,18,"買収,納品,ｐｆｉ,概算,銀行"
下地睦子,下地睦子,環境衛生局長,,,,,700,行政・議会運営,0.406104,19,"陳述,部会,決裁,公益,随意"
下地睦子,下地睦子,環境衛生局長,,,,,700,安全保障・基地問題,0.068017,3,"駐屯,弾薬,有事"
天久珠江,天久珠江,会計管理者,,,,,152,暮らし・福祉,0,0,
天久珠江,天久珠江,会計管理者,,,,,152,医療・健康,0.04157,1,認知
天久珠江,天久珠江,会計管理者,,,,,152,子ども・教育,0.211972,5,"講座,学術,授業,学区,教職員"
天久珠江,天久珠江,会計管理者,,,,,152,まちづくり・インフラ,0.024998,1,土砂
天久珠江,天久珠江,会計管理者,,,,,152,農業・水産業,0.092211,2,"珊瑚,圃場"
天久珠江,天久珠江,会計管理者,,,,,152,観光・産業,0.128638,3,"表彰,音声,製造"
天久珠江,天久珠江,会計管理者,,,,,152,環境・防災,0.311766,6,"漂着,除草,破損,珊瑚,雨漏り"
天久珠江,天久珠江,会計管理者,,,,,152,財政・税金,0.317977,8,"収納,納品,財団,減価,補強"
天久珠江,天久珠江,会計管理者,,,,,152,行政・議会運営,0.489079,11,"市制,連合,付帯,閉鎖,連盟"
天久珠江,天久珠江,会計管理者,,,,,152,安全保障・基地問題,0.199498,2,"遺跡,戦争"
久貝美奈子,久貝 美奈子,議員,女,無所属,市民ネット結,5,460,暮らし・福祉,0.500586,13,"不妊,難病,空き家,就労,移住"
久貝美奈子,久貝 美奈子,議員,女,無所属,市民ネット結,5,460,医療・健康,0.524278,11,"不妊,認知,接種,難病,患者"
久貝美奈子,久貝 美奈子,議員,女,無所属,市民ネット結,5,460,子ども・教育,0.315124,11,"講座,教職員,学級,文教,学童"
久貝美奈子,久貝 美奈子,議員,女,無所属,市民ネット結,5,460,まちづくり・インフラ,0.074629,5,"浄水,工務,埋め立て,浄化,水源"
久貝美奈子,久貝 美奈子,議員,女,無所属,市民ネット結,5,460,農業・水産業,0.316923,9,"飼料,食肉,肥育,山羊,珊瑚"
久貝美奈子,久貝 美奈子,議員,女,無所属,市民ネット結,5,460,観光・産業,0.148728,6,"飲食,物価,ｊｔａ,音声,音楽"
久貝美奈子,久貝 美奈子,議員,女,無所属,市民ネット結,5,460,環境・防災,0.187768,6,"漂着,廃校,珊瑚,大雨,冠水"
久貝美奈子,久貝 美奈子,議員,女,無所属,市民ネット結,5,460,財政・税金,0.203127,8,"補填,減税,財団,組み替え,概算"
久貝美奈子,久貝 美奈子,議員,女,無所属,市民ネット結,5,460,行政・議会運営,0.408254,14,"任用,職種,会派,公立,公益"
久貝美奈子,久貝 美奈子,議員,女,無所属,市民ネット結,5,460,安全保障・基地問題,0.129038,4,"戦争,有事,海兵,米軍"
仲間誉人,仲間 誉人,議員,男,無所属,Next みやこ,"5,6",427,暮らし・福祉,0.180476,7,"空き家,住居,移住,民宿,年金"
仲間誉人,仲間 誉人,議員,男,無所属,Next みやこ,"5,6",427,医療・健康,0.213947,6,"診療,医師,外科,皮膚,内科"
仲間誉人,仲間 誉人,議員,男,無所属,Next みやこ,"5,6",427,子ども・教育,0.292732,9,"学園,授業,校長,小児,卒業"
仲間誉人,仲間 誉人,議員,男,無所属,Next みやこ,"5,6",427,まちづくり・インフラ,0.29471,13,"幹線,水量,農道,水質,断水"
仲間誉人,仲間 誉人,議員,男,無所属,Next みやこ,"5,6",427,農業・水産業,0.335611,9,"牡蠣,養殖,漁港,糖度,漁協"
仲間誉人,仲間 誉人,議員,男,無所属,Next みやこ,"5,6",427,観光・産業,0.253576,8,"物価,球場,表彰,球団,演奏"
仲間誉人,仲間 誉人,議員,男,無所属,Next みやこ,"5,6",427,環境・防災,0.566351,18,"軽石,除草,脱炭,雨量,冠水"
仲間誉人,仲間 誉人,議員,男,無所属,Next みやこ,"5,6",427,財政・税金,0.132889,6,"収穫,損傷,有償,買収,財団"
仲間誉人,仲間 誉人,議員,男,無所属,Next みやこ,"5,6",427,行政・議会運営,0.191359,8,"開通,開所,閉鎖,首長,賛否"
仲間誉人,仲間 誉人,議員,男,無所属,Next みやこ,"5,6",427,安全保障・基地問題,0.141957,3,"領土,遺体,領海"
上地堅司,上地 堅司,議員,男,公明党,公明,5,352,暮らし・福祉,0.081732,3,"就農,移住,人権"
上地堅司,上地 堅司,議員,男,公明党,公明,5,352,医療・健康,0.036649,2,"感覚,病気"
上地堅司,上地 堅司,議員,男,公明党,公明,5,352,子ども・教育,0.2309,6,"校長,学園,授業,学童,教職員"
上地堅司,上地 堅司,議員,男,公明党,公明,5,352,まちづくり・インフラ,0.064694,3,"ｄｘ,ｉｔ,水質"
上地堅司,上地 堅司,議員,男,公明党,公明,5,352,農業・水産業,0.430085,9,"食肉,山羊,肥育,肥料,栽培"
上地堅司,上地 堅司,議員,男,公明党,公明,5,352,観光・産業,0.220576,5,"楽園,物価,ｊｔａ,球場,旅費"
上地堅司,上地 堅司,議員,男,公明党,公明,5,352,環境・防災,0.359097,8,"破損,除草,警報,防除,雨漏り"
上地堅司,上地 堅司,議員,男,公明党,公明,5,352,財政・税金,0.276104,11,"還元,買収,返済,損傷,補充"
上地堅司,上地 堅司,議員,男,公明党,公明,5,352,行政・議会運営,0.263414,9,"閉鎖,当選,連帯,任用,選考"
上地堅司,上地 堅司,議員,男,公明党,公明,5,352,安全保障・基地問題,0.035531,1,駐屯
山下誠,山下 誠,議員,男,無所属,幸政会,"5,6",663,暮らし・福祉,0.117596,3,"空き家,住居,民宿"
山下誠,山下 誠,議員,男,無所属,幸政会,"5,6",663,医療・健康,0.183255,5,"抗原,接種,健診,痛み,ｐｃｒ"
山下誠,山下 誠,議員,男,無所属,幸政会,"5,6",663,子ども・教育,0.187178,7,"文教,教職員,休園,園児,学区"
山下誠,山下 誠,議員,男,無所属,幸政会,"5,6",663,まちづくり・インフラ,0.212882,6,"ｄｘ,工務,工区,断水,農道"
山下誠,山下 誠,議員,男,無所属,幸政会,"5,6",663,農業・水産業,0.277031,10,"肥料,圃場,栽培,糖度,養殖"
山下誠,山下 誠,議員,男,無所属,幸政会,"5,6",663,観光・産業,0.258726,10,"球団,物価,製造,ｊｔａ,売り払い"
山下誠,山下 誠,議員,男,無所属,幸政会,"5,6",663,環境・防災,0.247919,9,"防除,軽石,雨漏り,断水,大雨"
山下誠,山下 誠,議員,男,無所属,幸政会,"5,6",663,財政・税金,0.470032,15,"ｐｆｉ,税額,随意,収穫,予備"
山下誠,山下 誠,議員,男,無所属,幸政会,"5,6",663,行政・議会運営,0.773877,24,"嘆願,勧告,随意,行財政,任用"
山下誠,山下 誠,議員,男,無所属,幸政会,"5,6",663,安全保障・基地問題,0.140781,4,"米軍,有事,戦争,弾薬"
長崎富夫,長崎 富夫,都市計画課長,男,無所属,新政会,"2,3,5",517,暮らし・福祉,0.224453,12,"空き家,住居,年金,傍聴,受給"
長崎富夫,長崎 富夫,都市計画課長,男,無所属,新政会,"2,3,5",517,医療・健康,0.141767,9,"接種,外科,難病,患者,口蹄"
長崎富夫,長崎 富夫,都市計画課長,男,無所属,新政会,"2,3,5",517,子ども・教育,0.273774,14,"学級,教職員,入学,学区,園児"
長崎富夫,長崎 富夫,都市計画課長,男,無所属,新政会,"2,3,5",517,まちづくり・インフラ,0.553533,22,"約款,浄水,埠頭,汚泥,幹線"
長崎富夫,長崎 富夫,都市計画課長,男,無所属,新政会,"2,3,5",517,農業・水産業,0.554147,20,"農振,漁協,蕎麦,肥料,漁港"
長崎富夫,長崎 富夫,都市計画課長,男,無所属,新政会,"2,3,5",517,観光・産業,0.358791,16,"演奏,航路,音楽,物産,物価"
長崎富夫,長崎 富夫,都市計画課長,男,無所属,新政会,"2,3,5",517,環境・防災,0.619257,26,"軽石,瓦礫,被災,汚泥,噴火"
長崎富夫,長崎 富夫,都市計画課長,男,無所属,新政会,"2,3,5",517,財政・税金,0.436421,22,"還付,収穫,銀行,精算,補填"
長崎富夫,長崎 富夫,都市計画課長,男,無所属,新政会,"2,3,5",517,行政・議会運営,0.884501,39,"投票,市議,起案,人勧,市制"
長崎富夫,長崎 富夫,都市計画課長,男,無所属,新政会,"2,3,5",517,安全保障・基地問題,0.402576,14,"米軍,有事,艦隊,軍事,艦船"
西里芳明,西里 芳明,経済工務委員会委員長,男,無所属,新宮古創成会,"2,3,5",396,暮らし・福祉,0.154861,5,"就農,年金,空き家,受給,弁償"
西里芳明,西里 芳明,経済工務委員会委員長,男,無所属,新宮古創成会,"2,3,5",396,医療・健康,0.137014,6,"口蹄,防疫,疾患,感覚,認知"
西里芳明,西里 芳明,経済工務委員会委員長,男,無所属,新宮古創成会,"2,3,5",396,子ども・教育,0.208719,8,"学級,学区,授業,学童,校区"
西里芳明,西里 芳明,経済工務委員会委員長,男,無所属,新宮古創成会,"2,3,5",396,まちづくり・インフラ,0.299646,10,"工務,用排水,農道,残土,浄水"
西里芳明,西里 芳明,経済工務委員会委員長,男,無所属,新宮古創成会,"2,3,5",396,農業・水産業,0.40879,12,"圃場,肥料,肥育,農道,食材"
西里芳明,西里 芳明,経済工務委員会委員長,男,無所属,新宮古創成会,"2,3,5",396,観光・産業,0.119159,8,"購買,製造,物産,物価,物流"
西里芳明,西里 芳明,経済工務委員会委員長,男,無所属,新宮古創成会,"2,3,5",396,環境・防災,0.530694,19,"防除,除草,陥没,大雨,冠水"
西里芳明,西里 芳明,経済工務委員会委員長,男,無所属,新宮古創成会,"2,3,5",396,財政・税金,0.442447,18,"補強,収穫,前払い,追認,減給"
西里芳明,西里 芳明,経済工務委員会委員長,男,無所属,新宮古創成会,"2,3,5",396,行政・議会運営,0.458572,18,"訓告,再任,陳情,当選,指令"
西里芳明,西里 芳明,経済工務委員会委員長,男,無所属,新宮古創成会,"2,3,5",396,安全保障・基地問題,0.097875,3,"有事,遺跡,戦争"
幸地幹夫,幸地幹夫,こども家庭局長,,,,,159,暮らし・福祉,0.349919,7,"就労,扶養,尊厳,受給,住居"
幸地幹夫,幸地幹夫,こども家庭局長,,,,,159,医療・健康,0.290499,5,"虐待,産後,健診,診療,認知"
幸地幹夫,幸地幹夫,こども家庭局長,,,,,159,子ども・教育,0.410496,9,"休園,小児,卒業,学童,学年"
幸地幹夫,幸地幹夫,こども家庭局長,,,,,159,まちづくり・インフラ,0.156523,3,"浄化,ｉｃｔ,外構"
幸地幹夫,幸地幹夫,こども家庭局長,,,,,159,農業・水産業,0,0,
幸地幹夫,幸地幹夫,こども家庭局長,,,,,159,観光・産業,0.099564,2,"物価,飲食"
幸地幹夫,幸地幹夫,こども家庭局長,,,,,159,環境・防災,0.243891,4,"警報,津波,地震,警戒"
幸地幹夫,幸地幹夫,こども家庭局長,,,,,159,財政・税金,0.294339,7,"加算,精算,財団,充用,充当"
幸地幹夫,幸地幹夫,こども家庭局長,,,,,159,行政・議会運営,0.285871,7,"役職,公立,専任,任用,開所"
幸地幹夫,幸地幹夫,こども家庭局長,,,,,159,安全保障・基地問題,0,0,
梶原健次,梶原健次,環境衛生局長,,,,,178,暮らし・福祉,0.050026,2,"不妊,受給"
梶原健次,梶原健次,環境衛生局長,,,,,178,医療・健康,0.066464,2,"認知,不妊"
梶原健次,梶原健次,環境衛生局長,,,,,178,子ども・教育,0,0,
梶原健次,梶原健次,環境衛生局長,,,,,178,まちづくり・インフラ,0.280468,7,"汚泥,浄化,立方,水質,破砕"
梶原健次,梶原健次,環境衛生局長,,,,,178,農業・水産業,0.09926,2,"珊瑚,養殖"
梶原健次,梶原健次,環境衛生局長,,,,,178,観光・産業,0.061556,3,"物価,飲食,製造"
梶原健次,梶原健次,環境衛生局長,,,,,178,環境・防災,0.44827,8,"蓄電,排出,汚泥,珊瑚,漂着"
梶原健次,梶原健次,環境衛生局長,,,,,178,財政・税金,0.147425,4,"充当,繰り入れ,損傷,加算"
梶原健次,梶原健次,環境衛生局長,,,,,178,行政・議会運営,0.202628,6,"開示,決裁,訓示,謝罪,裁量"
梶原健次,梶原健次,環境衛生局長,,,,,178,安全保障・基地問題,0,0,
守武大,守武 大,福祉部長,,,,,126,暮らし・福祉,0.456953,10,"就労,住居,療養,社協,引っ越し"
守武大,守武 大,福祉部長,,,,,126,医療・健康,0.342129,6,"認知,疾患,療養,医師,虐待"
守武大,守武 大,福祉部長,,,,,126,子ども・教育,0.123963,2,"講座,小児"
守武大,守武 大,福祉部長,,,,,126,まちづくり・インフラ,0,0,
守武大,守武 大,福祉部長,,,,,126,農業・水産業,0.064709,1,食料
守武大,守武 大,福祉部長,,,,,126,観光・産業,0.106146,3,"物価,購買,飲食"
守武大,守武 大,福祉部長,,,,,126,環境・防災,0.054547,2,"流用,雨漏り"
守武大,守武 大,福祉部長,,,,,126,財政・税金,0.154288,4,"加算,起債,銀行,滞納"
守武大,守武 大,福祉部長,,,,,126,行政・議会運営,0.246507,6,"任用,専決,規約,任務,職種"
守武大,守武 大,福祉部長,,,,,126,安全保障・基地問題,0.186541,3,"追悼,戦没,戦争"
大城仁,大城 仁,議員,男,無所属,Next みやこ,"5,6",79,暮らし・福祉,0.262018,3,"空き家,住居,民泊"
大城仁,大城 仁,議員,男,無所属,Next みやこ,"5,6",79,医療・健康,0.063893,1,医師
大城仁,大城 仁,議員,男,無所属,Next みやこ,"5,6",79,子ども・教育,0.033478,1,学園
大城仁,大城 仁,議員,男,無所属,Next みやこ,"5,6",79,まちづくり・インフラ,0.439638,6,"ｄｘ,浄水,工務,造成,浄化"
大城仁,大城 仁,議員,男,無所属,Next みやこ,"5,6",79,農業・水産業,0,0,
大城仁,大城 仁,議員,男,無所属,Next みやこ,"5,6",79,観光・産業,0.219757,4,"工芸,民泊,物価,飲食"
大城仁,大城 仁,議員,男,無所属,Next みやこ,"5,6",79,環境・防災,0,0,
大城仁,大城 仁,議員,男,無所属,Next みやこ,"5,6",79,財政・税金,0.365099,5,"ｐｆｉ,補欠,税制,銀行,金融"
大城仁,大城 仁,議員,男,無所属,Next みやこ,"5,6",79,行政・議会運営,0.293479,6,"当選,市制,議席,請願,専任"
大城仁,大城 仁,議員,男,無所属,Next みやこ,"5,6",79,安全保障・基地問題,0,0,
友利恵一,友利 恵一,議長,男,無所属,-,1,2643,暮らし・福祉,0.253252,14,"人権,民宿,年金,療養,休業"
友利恵一,友利 恵一,議長,男,無所属,-,1,2643,医療・健康,0.298496,15,"外科,虐待,診療,療養,患者"
友利恵一,友利 恵一,議長,男,無所属,-,1,2643,子ども・教育,0.243992,16,"文教,教科,学力,学級,卒業"
友利恵一,友利 恵一,議長,男,無所属,-,1,2643,まちづくり・インフラ,0.483558,28,"用排水,再建,架橋,ｉｔ,工務"
友利恵一,友利 恵一,議長,男,無所属,-,1,2643,農業・水産業,0.393325,22,"農都,農漁業,漁協,養殖,農村"
友利恵一,友利 恵一,議長,男,無所属,-,1,2643,観光・産業,0.342273,20,"祭場,朗読,民宿,売り払い,球場"
友利恵一,友利 恵一,議長,男,無所属,-,1,2643,環境・防災,0.354664,26,"防除,暴風,流用,風力,太陽"
友利恵一,友利 恵一,議長,男,無所属,-,1,2643,財政・税金,0.888499,49,"充用,追認,金利,増税,公債"
友利恵一,友利 恵一,議長,男,無所属,-,1,2643,行政・議会運営,1.456458,77,"表決,動議,公社,陳情,陳謝"
友利恵一,友利 恵一,議長,男,無所属,-,1,2643,安全保障・基地問題,0.34124,15,"米兵,拉致,在日,戦争,米軍"
池間雅昭,池間 雅昭,議員,男,無所属,-,1,227,暮らし・福祉,0.196472,8,"年金,療養,社協,受給,扶養"
池間雅昭,池間 雅昭,議員,男,無所属,-,1,227,医療・健康,0.224113,11,"痛み,診療,療養,医師,感覚"
池間雅昭,池間 雅昭,議員,男,無所属,-,1,227,子ども・教育,0.175546,9,"文教,教科,学力,学級,卒業"
池間雅昭,池間 雅昭,議員,男,無所属,-,1,227,まちづくり・インフラ,0.273463,13,"再建,工務,工区,埋め立て,水源"
池間雅昭,池間 雅昭,議員,男,無所属,-,1,227,農業・水産業,0.31513,12,"農都,漁協,農漁業,圃場,農村"
池間雅昭,池間 雅昭,議員,男,無所属,-,1,227,観光・産業,0.231707,10,"祭場,売り払い,朗読,工芸,民宿"
池間雅昭,池間 雅昭,議員,男,無所属,-,1,227,環境・防災,0.173066,12,"汚染,流用,太陽,発電,酸化"
池間雅昭,池間 雅昭,議員,男,無所属,-,1,227,財政・税金,0.915879,34,"追認,充用,随契,債権,滞納"
池間雅昭,池間 雅昭,議員,男,無所属,-,1,227,行政・議会運営,1.577639,59,"起案,随契,陳情,決裁,告発"
池間雅昭,池間 雅昭,議員,男,無所属,-,1,227,安全保障・基地問題,0.042617,3,"軍事,米軍,戦争"
宮川耕次,宮川耕次,総務部長,,,,,489,暮らし・福祉,0.116068,6,"受給,弁償,社協,人権,扶養"
宮川耕次,宮川耕次,総務部長,,,,,489,医療・健康,0.076323,6,"防疫,痛み,感覚,療養,患者"
宮川耕次,宮川耕次,総務部長,,,,,489,子ども・教育,0.052315,4,"学区,学術,校長,講座"
宮川耕次,宮川耕次,総務部長,,,,,489,まちづくり・インフラ,0.222249,8,"再建,架橋,造成,ｉｔ,工法"
宮川耕次,宮川耕次,総務部長,,,,,489,農業・水産業,0.153683,7,"農振,圃場,漁港,漁協,和牛"
宮川耕次,宮川耕次,総務部長,,,,,489,観光・産業,0.163119,4,"祭場,売り払い,物品,旅費"
宮川耕次,宮川耕次,総務部長,,,,,489,環境・防災,0.072775,4,"流用,地震,冠水,津波"
宮川耕次,宮川耕次,総務部長,,,,,489,財政・税金,1.025404,31,"充用,随契,公債,債権,起債"
宮川耕次,宮川耕次,総務部長,,,,,489,行政・議会運営,1.28525,42,"連結,随契,昇任,起案,公社"
宮川耕次,宮川耕次,総務部長,,,,,489,安全保障・基地問題,0.027668,1,遺跡
池村直記,池村直記,福祉保健部長,,,,,84,暮らし・福祉,0.413555,9,"社協,就労,扶養,受給,難病"
池村直記,池村直記,福祉保健部長,,,,,84,医療・健康,0.5918,11,"虐待,接種,疾患,診療,認知"
池村直記,池村直記,福祉保健部長,,,,,84,子ども・教育,0.23051,5,"園児,学童,小児,卒業,学園"
池村直記,池村直記,福祉保健部長,,,,,84,まちづくり・インフラ,0.125276,4,"架橋,ｉｔ,水質,水源"
池村直記,池村直記,福祉保健部長,,,,,84,農業・水産業,0.026665,1,山羊
池村直記,池村直記,福祉保健部長,,,,,84,観光・産業,0.067219,2,"旅費,製造"
池村直記,池村直記,福祉保健部長,,,,,84,環境・防災,0,0,
池村直記,池村直記,福祉保健部長,,,,,84,財政・税金,0.698904,17,"滞納,収納,随契,補填,減税"
池村直記,池村直記,福祉保健部長,,,,,84,行政・議会運営,0.3912,10,"公立,随契,勧告,市税,随意"
池村直記,池村直記,福祉保健部長,,,,,84,安全保障・基地問題,0,0,
石原智男,石原智男,財政課長,,,,,153,暮らし・福祉,0.039881,2,"扶養,弁償"
石原智男,石原智男,財政課長,,,,,153,医療・健康,0.106516,3,"診療,虐待,医師"
石原智男,石原智男,財政課長,,,,,153,子ども・教育,0.048748,2,"学区,学術"
石原智男,石原智男,財政課長,,,,,153,まちづくり・インフラ,0.236097,8,"再建,造成,埋め立て,水域,汚泥"
石原智男,石原智男,財政課長,,,,,153,農業・水産業,0.056804,2,"農漁業,漁協"
石原智男,石原智男,財政課長,,,,,153,観光・産業,0.233062,6,"売り払い,祭場,旅費,工芸,物流"
石原智男,石原智男,財政課長,,,,,153,環境・防災,0.130092,5,"流用,警戒,汚泥,除草,破損"
石原智男,石原智男,財政課長,,,,,153,財政・税金,1.306081,29,"充用,繰り上げ,公債,充当,起債"
石原智男,石原智男,財政課長,,,,,153,行政・議会運営,0.479009,12,"連結,起案,市税,連合,決裁"
石原智男,石原智男,財政課長,,,,,153,安全保障・基地問題,0.025406,1,在沖
新城啓世,新城 啓世,議会運営委員会委員長,男,無所属,-,"1,2",182,暮らし・福祉,0.194869,13,"慰謝,人権,受給,年金,民宿"
新城啓世,新城 啓世,議会運営委員会委員長,男,無所属,-,"1,2",182,医療・健康,0.224718,15,"外科,口蹄,医師,虐待,患者"
新城啓世,新城 啓世,議会運営委員会委員長,男,無所属,-,"1,2",182,子ども・教育,0.245209,16,"学級,校区,文教,学力,学区"
新城啓世,新城 啓世,議会運営委員会委員長,男,無所属,-,"1,2",182,まちづくり・インフラ,0.335447,25,"再建,埋め立て,架橋,約款,工務"
新城啓世,新城 啓世,議会運営委員会委員長,男,無所属,-,"1,2",182,農業・水産業,0.415267,21,"農都,甘蔗,耳標,珊瑚,糖価"
新城啓世,新城 啓世,議会運営委員会委員長,男,無所属,-,"1,2",182,観光・産業,0.327399,19,"演奏,祭場,楽園,売り払い,周遊"
新城啓世,新城 啓世,議会運営委員会委員長,男,無所属,-,"1,2",182,環境・防災,0.494417,27,"珊瑚,廃校,太陽,被災,発電"
新城啓世,新城 啓世,議会運営委員会委員長,男,無所属,-,"1,2",182,財政・税金,0.59957,35,"追認,減給,前払い,金利,返済"
新城啓世,新城 啓世,議会運営委員会委員長,男,無所属,-,"1,2",182,行政・議会運営,1.142415,60,"起訴,起案,辞任,決裁,否決"
新城啓世,新城 啓世,議会運営委員会委員長,男,無所属,-,"1,2",182,安全保障・基地問題,0.577097,22,"軍属,米兵,艦隊,海軍,領海"
平良富男,平良富男,建設部長,,,,,449,暮らし・福祉,0.11226,6,"労務,就労,社協,年金,住居"
平良富男,平良富男,建設部長,,,,,449,医療・健康,0.057975,3,"外科,診療,認知"
平良富男,平良富男,建設部長,,,,,449,子ども・教育,0.079769,6,"学童,学年,学園,学区,文教"
平良富男,平良富男,建設部長,,,,,449,まちづくり・インフラ,0.498218,20,"架橋,埠頭,幹線,埋め立て,立方"
平良富男,平良富男,建設部長,,,,,449,農業・水産業,0.228409,11,"漁協,圃場,糖度,漁港,農振"
平良富男,平良富男,建設部長,,,,,449,観光・産業,0.254174,13,"売り払い,祭場,球場,航路,工芸"
平良富男,平良富男,建設部長,,,,,449,環境・防災,0.34793,17,"流用,防除,雨水,冠水,土砂"
平良富男,平良富男,建設部長,,,,,449,財政・税金,0.809998,34,"追認,債権,買収,滞納,不納"
平良富男,平良富男,建設部長,,,,,449,行政・議会運営,0.943044,37,"陳述,退任,投票,専任,被告"
平良富男,平良富男,建設部長,,,,,449,安全保障・基地問題,0.058118,3,"在沖,米軍,遺跡"
長濱光雄,長濱光雄,伊良部総合支所長,,,,,155,暮らし・福祉,0.163446,6,"年金,民宿,就農,引っ越し,住居"
長濱光雄,長濱光雄,伊良部総合支所長,,,,,155,医療・健康,0.106862,5,"視力,接種,医師,患者,診療"
長濱光雄,長濱光雄,伊良部総合支所長,,,,,155,子ども・教育,0.250623,10,"校区,学級,学力,文教,講座"
長濱光雄,長濱光雄,伊良部総合支所長,,,,,155,まちづくり・インフラ,0.374485,13,"架橋,約款,ｉｔ,農道,工区"
長濱光雄,長濱光雄,伊良部総合支所長,,,,,155,農業・水産業,0.26855,9,"漁協,圃場,農道,漁港,食材"
長濱光雄,長濱光雄,伊良部総合支所長,,,,,155,観光・産業,0.319224,11,"音楽,工芸,民宿,球場,旅費"
長濱光雄,長濱光雄,伊良部総合支所長,,,,,155,環境・防災,0.225926,10,"破損,断層,汚泥,防除,汚染"
長濱光雄,長濱光雄,伊良部総合支所長,,,,,155,財政・税金,0.45086,18,"滞納,収納,財団,償却,収穫"
長濱光雄,長濱光雄,伊良部総合支所長,,,,,155,行政・議会運営,0.707055,26,"公社,議席,解散,選任,連合"
長濱光雄,長濱光雄,伊良部総合支所長,,,,,155,安全保障・基地問題,0.121859,4,"遺跡,軍事,兵力,日米"
下地秀一,下地 秀一,文教社会委員会委員長,男,無所属,-,1,81,暮らし・福祉,0.165404,8,"年金,受給,療養,休業,尊厳"
下地秀一,下地 秀一,文教社会委員会委員長,男,無所属,-,1,81,医療・健康,0.298565,10,"接種,外科,診療,感覚,医師"
下地秀一,下地 秀一,文教社会委員会委員長,男,無所属,-,1,81,子ども・教育,0.268572,12,"文教,学級,園児,教職員,小児"
下地秀一,下地 秀一,文教社会委員会委員長,男,無所属,-,1,81,まちづくり・インフラ,0.239328,9,"再建,用排水,工務,埋め立て,電力"
下地秀一,下地 秀一,文教社会委員会委員長,男,無所属,-,1,81,農業・水産業,0.329879,13,"農漁業,圃場,食材,和牛,栽培"
下地秀一,下地 秀一,文教社会委員会委員長,男,無所属,-,1,81,観光・産業,0.312983,13,"工芸,球場,購買,旅客,飲食"
下地秀一,下地 秀一,文教社会委員会委員長,男,無所属,-,1,81,環境・防災,0.140616,7,"酸化,暴風,被災,炭素,冠水"
下地秀一,下地 秀一,文教社会委員会委員長,男,無所属,-,1,81,財政・税金,0.590489,26,"随意,公債,滞納,前払い,金融"
下地秀一,下地 秀一,文教社会委員会委員長,男,無所属,-,1,81,行政・議会運営,1.084529,39,"陳情,告発,昇任,裁決,随意"
下地秀一,下地 秀一,文教社会委員会委員長,男,無所属,-,1,81,安全保障・基地問題,0.09189,4,"日米,軍事,米軍,米国"
長濱幸男,長濱幸男,教育部長,,,,,50,暮らし・福祉,0.146213,4,"受給,扶養,弁償,年金"
長濱幸男,長濱幸男,教育部長,,,,,50,医療・健康,0.108067,3,"診療,医師,病気"
長濱幸男,長濱幸男,教育部長,,,,,50,子ども・教育,0.310947,6,"学級,教科,校長,学力,文教"
長濱幸男,長濱幸男,教育部長,,,,,50,まちづくり・インフラ,0.260036,5,"工区,約款,用排水,架橋,土砂"
長濱幸男,長濱幸男,教育部長,,,,,50,農業・水産業,0.13985,2,"食材,農漁業"
長濱幸男,長濱幸男,教育部長,,,,,50,観光・産業,0.122256,3,"工芸,旅費,朗読"
長濱幸男,長濱幸男,教育部長,,,,,50,環境・防災,0.271336,8,"雨量,雨水,冠水,廃校,流用"
長濱幸男,長濱幸男,教育部長,,,,,50,財政・税金,0.281894,8,"滞納,納入,前払い,増税,収納"
長濱幸男,長濱幸男,教育部長,,,,,50,行政・議会運営,0.722688,15,"規約,表決,記入,議席,任期"
長濱幸男,長濱幸男,教育部長,,,,,50,安全保障・基地問題,0,0,
久貝智子,久貝智子,企画政策部長,,,,,102,暮らし・福祉,0.155503,4,"慰謝,扶養,弁償,人権"
久貝智子,久貝智子,企画政策部長,,,,,102,医療・健康,0.027119,1,感覚
久貝智子,久貝智子,企画政策部長,,,,,102,子ども・教育,0.098626,1,学術
久貝智子,久貝智子,企画政策部長,,,,,102,まちづくり・インフラ,0.312722,6,"水質,水源,ｉｔ,取水,水量"
久貝智子,久貝智子,企画政策部長,,,,,102,農業・水産業,0.045861,1,肥料
久貝智子,久貝智子,企画政策部長,,,,,102,観光・産業,0.366983,8,"映画,航路,旅費,製造,旅客"
久貝智子,久貝智子,企画政策部長,,,,,102,環境・防災,0.306373,5,"消火,発電,太陽,風力,汚染"
久貝智子,久貝智子,企画政策部長,,,,,102,財政・税金,0.215219,5,"随契,黒字,剰余,増税,起債"
久貝智子,久貝智子,企画政策部長,,,,,102,行政・議会運営,0.337738,10,"随契,連合,指令,任務,承諾"
久貝智子,久貝智子,企画政策部長,,,,,102,安全保障・基地問題,0.104017,2,"戦争,海軍"
宮國泰男,宮國泰男,経済部長,,,,,447,暮らし・福祉,0.205105,13,"就農,年金,民宿,民泊,尊厳"
宮國泰男,宮國泰男,経済部長,,,,,447,医療・健康,0.180673,11,"病気,痛み,防疫,内科,外科"
宮國泰男,宮國泰男,経済部長,,,,,447,子ども・教育,0.069078,5,"文教,講座,卒業,学年,学園"
宮國泰男,宮國泰男,経済部長,,,,,447,まちづくり・インフラ,0.479837,23,"架橋,残土,農道,土砂,数量"
宮國泰男,宮國泰男,経済部長,,,,,447,農業・水産業,0.731359,22,"農都,精肉,漁協,養殖,圃場"
宮國泰男,宮國泰男,経済部長,,,,,447,観光・産業,0.365414,19,"工芸,購買,物産,製造,民宿"
宮國泰男,宮國泰男,経済部長,,,,,447,環境・防災,0.415541,21,"防除,珊瑚,土砂,省エネ,汚泥"
宮國泰男,宮國泰男,経済部長,,,,,447,財政・税金,0.870365,41,"減税,随契,不納,滞納,賦課"
宮國泰男,宮國泰男,経済部長,,,,,447,行政・議会運営,0.787874,42,"昇任,随契,投票,公社,指令"
宮國泰男,宮國泰男,経済部長,,,,,447,安全保障・基地問題,0.039739,4,"米軍,遺跡,軍事,戦争"
喜屋武重三,喜屋武重三,総務課長,,,,,82,暮らし・福祉,0.171257,6,"民宿,弁償,受給,年金,扶養"
喜屋武重三,喜屋武重三,総務課長,,,,,82,医療・健康,0.107771,4,"診療,接種,健診,療養"
喜屋武重三,喜屋武重三,総務課長,,,,,82,子ども・教育,0.069904,2,"文教,講座"
喜屋武重三,喜屋武重三,総務課長,,,,,82,まちづくり・インフラ,0.321597,10,"ｉｔ,用排水,工務,工区,ｉｃｔ"
喜屋武重三,喜屋武重三,総務課長,,,,,82,農業・水産業,0.286785,7,"耳標,農漁業,圃場,漁協,肥料"
喜屋武重三,喜屋武重三,総務課長,,,,,82,観光・産業,0.337657,10,"朗読,音声,民宿,工芸,航路"
喜屋武重三,喜屋武重三,総務課長,,,,,82,環境・防災,0.132439,7,"消火,防除,土砂,地震,汚染"
喜屋武重三,喜屋武重三,総務課長,,,,,82,財政・税金,0.549172,16,"追認,充用,繰り上げ,補欠,繰り入れ"
喜屋武重三,喜屋武重三,総務課長,,,,,82,行政・議会運営,1.791003,45,"投票,議席,辞任,陳情,記名"
喜屋武重三,喜屋武重三,総務課長,,,,,82,安全保障・基地問題,0.065342,2,"爆撃,遺跡"
富永元順,富永 元順,懲罰特別委員会委員長,男,公明党,公明,"1,2,3",151,暮らし・福祉,0.21285,14,"空き家,年金,受給,住居,人権"
富永元順,富永 元順,懲罰特別委員会委員長,男,公明党,公明,"1,2,3",151,医療・健康,0.309918,15,"接種,外科,医師,健診,患者"
富永元順,富永 元順,懲罰特別委員会委員長,男,公明党,公明,"1,2,3",151,子ども・教育,0.281813,15,"学力,授業,文教,入学,学級"
富永元順,富永 元順,懲罰特別委員会委員長,男,公明党,公明,"1,2,3",151,まちづくり・インフラ,0.432966,21,"水域,ｌｅｄ,水源,工務,電柱"
富永元順,富永 元順,懲罰特別委員会委員長,男,公明党,公明,"1,2,3",151,農業・水産業,0.492393,22,"ｇａｐ,食肉,養殖,農振,肥育"
富永元順,富永 元順,懲罰特別委員会委員長,男,公明党,公明,"1,2,3",151,観光・産業,0.40228,19,"祭場,音響,映画,売り払い,航路"
富永元順,富永 元順,懲罰特別委員会委員長,男,公明党,公明,"1,2,3",151,環境・防災,0.532122,24,"飛散,省エネ,発電,太陽,排出"
富永元順,富永 元順,懲罰特別委員会委員長,男,公明党,公明,"1,2,3",151,財政・税金,0.267939,21,"金融,清算,収穫,落札,補佐"
富永元順,富永 元順,懲罰特別委員会委員長,男,公明党,公明,"1,2,3",151,行政・議会運営,0.748206,49,"陳謝,政権,陳情,辞職,当選"
富永元順,富永 元順,懲罰特別委員会委員長,男,公明党,公明,"1,2,3",151,安全保障・基地問題,0.599919,24,"軍艦,軍属,海軍,軍人,遺棄"
豊見山恵栄,豊見山 惠栄,議会運営委員会委員長,男,無所属,-,1,50,暮らし・福祉,0.222168,7,"社協,療養,受給,扶養,人権"
豊見山恵栄,豊見山 惠栄,議会運営委員会委員長,男,無所属,-,1,50,医療・健康,0.279688,9,"外科,療養,患者,診療,医師"
豊見山恵栄,豊見山 惠栄,議会運営委員会委員長,男,無所属,-,1,50,子ども・教育,0.117439,5,"教科,講座,教職員,小児,学術"
豊見山恵栄,豊見山 惠栄,議会運営委員会委員長,男,無所属,-,1,50,まちづくり・インフラ,0.275124,10,"架橋,工務,用排水,幹線,埋め立て"
豊見山恵栄,豊見山 惠栄,議会運営委員会委員長,男,無所属,-,1,50,農業・水産業,0.297026,12,"食料,農漁業,食材,圃場,農村"
豊見山恵栄,豊見山 惠栄,議会運営委員会委員長,男,無所属,-,1,50,観光・産業,0.235325,11,"朗読,祭場,映画,ｊｔａ,楽園"
豊見山恵栄,豊見山 惠栄,議会運営委員会委員長,男,無所属,-,1,50,環境・防災,0.166991,9,"噴出,発電,珊瑚,汚染,防火"
豊見山恵栄,豊見山 惠栄,議会運営委員会委員長,男,無所属,-,1,50,財政・税金,0.587732,20,"充用,繰り上げ,繰り入れ,公債,追認"
豊見山恵栄,豊見山 惠栄,議会運営委員会委員長,男,無所属,-,1,50,行政・議会運営,1.145859,39,"規約,専決,会派,公社,当選"
豊見山恵栄,豊見山 惠栄,議会運営委員会委員長,男,無所属,-,1,50,安全保障・基地問題,0.813089,15,"拉致,爆撃,米兵,軍人,軍属"
池間健栄,池間 健栄,議員,男,無所属,-,1,193,暮らし・福祉,0.151414,7,"受給,療養,休業,人権,年金"
池間健栄,池間 健栄,議員,男,無所属,-,1,193,医療・健康,0.178945,10,"痛み,診療,療養,病気,接種"
池間健栄,池間 健栄,議員,男,無所属,-,1,193,子ども・教育,0.122101,6,"文教,学童,学級,学力,教科"
池間健栄,池間 健栄,議員,男,無所属,-,1,193,まちづくり・インフラ,0.303144,15,"再建,埋め立て,架橋,工務,工区"
池間健栄,池間 健栄,議員,男,無所属,-,1,193,農業・水産業,0.226306,8,"農都,圃場,農村,農漁業,農振"
池間健栄,池間 健栄,議員,男,無所属,-,1,193,観光・産業,0.317841,14,"映画,祭場,売り払い,朗読,工芸"
池間健栄,池間 健栄,議員,男,無所属,-,1,193,環境・防災,0.115444,7,"汚濁,太陽,流用,警戒,風力"
池間健栄,池間 健栄,議員,男,無所属,-,1,193,財政・税金,0.896274,31,"充用,前払い,随契,債権,追認"
池間健栄,池間 健栄,議員,男,無所属,-,1,193,行政・議会運営,1.733687,56,"起案,告発,動議,会派,解任"
池間健栄,池間 健栄,議員,男,無所属,-,1,193,安全保障・基地問題,0.010894,1,軍事
村吉順栄,村吉順栄,市民生活課長,,,,,340,暮らし・福祉,0.289908,11,"就農,受給,年金,民泊,休業"
村吉順栄,村吉順栄,市民生活課長,,,,,340,医療・健康,0.179763,6,"防疫,口蹄,産後,診療,接種"
村吉順栄,村吉順栄,市民生活課長,,,,,340,子ども・教育,0.021303,2,"学園,講座"
村吉順栄,村吉順栄,市民生活課長,,,,,340,まちづくり・インフラ,0.394857,15,"農道,取水,数量,造成,架橋"
村吉順栄,村吉順栄,市民生活課長,,,,,340,農業・水産業,0.801535,20,"肥育,藻類,漁協,糖度,養殖"
村吉順栄,村吉順栄,市民生活課長,,,,,340,観光・産業,0.205679,11,"民泊,売り払い,購買,旅客,製造"
村吉順栄,村吉順栄,市民生活課長,,,,,340,環境・防災,0.387171,19,"防除,珊瑚,除草,津波,大雨"
村吉順栄,村吉順栄,市民生活課長,,,,,340,財政・税金,0.749491,30,"収穫,不納,滞納,債権,充当"
村吉順栄,村吉順栄,市民生活課長,,,,,340,行政・議会運営,0.573928,27,"再任,公社,市税,公益,閉庁"
村吉順栄,村吉順栄,市民生活課長,,,,,340,安全保障・基地問題,0.021998,1,遺跡
上地博通,上地 博通,懲罰特別委員会委員長,男,無所属,-,"1,2",141,暮らし・福祉,0.157191,8,"就農,受給,弁償,人権,尊厳"
上地博通,上地 博通,懲罰特別委員会委員長,男,無所属,-,"1,2",141,医療・健康,0.197398,8,"口蹄,病気,医師,感覚,外科"
上地博通,上地 博通,懲罰特別委員会委員長,男,無所属,-,"1,2",141,子ども・教育,0.097448,4,"学童,卒業,教科,学年"
上地博通,上地 博通,懲罰特別委員会委員長,男,無所属,-,"1,2",141,まちづくり・インフラ,0.096106,5,"再建,架橋,埠頭,数量,工務"
上地博通,上地 博通,懲罰特別委員会委員長,男,無所属,-,"1,2",141,農業・水産業,0.420395,12,"肥育,食肉,飼料,糖度,圃場"
上地博通,上地 博通,懲罰特別委員会委員長,男,無所属,-,"1,2",141,観光・産業,0.130466,7,"購買,物流,工芸,製造,民泊"
上地博通,上地 博通,懲罰特別委員会委員長,男,無所属,-,"1,2",141,環境・防災,0.15253,10,"防除,漂着,被災,流用,排出"
上地博通,上地 博通,懲罰特別委員会委員長,男,無所属,-,"1,2",141,財政・税金,0.765369,29,"債権,滞納,納品,収穫,減給"
上地博通,上地 博通,懲罰特別委員会委員長,男,無所属,-,"1,2",141,行政・議会運営,0.863152,35,"告発,公社,辞任,行財政,動議"
上地博通,上地 博通,懲罰特別委員会委員長,男,無所属,-,"1,2",141,安全保障・基地問題,0.019924,1,軍艦
仲間明典,仲間 明典,調査特別委員会委員長,男,無所属,-,"1,2",50,暮らし・福祉,0.032408,1,人権
仲間明典,仲間 明典,調査特別委員会委員長,男,無所属,-,"1,2",50,医療・健康,0.268676,9,"診療,内科,健診,外科,医師"
仲間明典,仲間 明典,調査特別委員会委員長,男,無所属,-,"1,2",50,子ども・教育,0.046982,3,"学術,学年,校長"
仲間明典,仲間 明典,調査特別委員会委員長,男,無所属,-,"1,2",50,まちづくり・インフラ,0.309013,9,"架橋,取水,再建,埋め立て,農道"
仲間明典,仲間 明典,調査特別委員会委員長,男,無所属,-,"1,2",50,農業・水産業,0.328201,10,"漁協,養殖,栽培,漁港,農道"
仲間明典,仲間 明典,調査特別委員会委員長,男,無所属,-,"1,2",50,観光・産業,0.215646,7,"祭場,航路,製造,物流,購買"
仲間明典,仲間 明典,調査特別委員会委員長,男,無所属,-,"1,2",50,環境・防災,0.203403,8,"風力,地震,消火,太陽,汚染"
仲間明典,仲間 明典,調査特別委員会委員長,男,無所属,-,"1,2",50,財政・税金,0.125066,6,"ｐｆｉ,還元,収納,黒字,概算"
仲間明典,仲間 明典,調査特別委員会委員長,男,無所属,-,"1,2",50,行政・議会運営,0.68968,25,"辞職,告発,行財政,連結,勧告"
仲間明典,仲間 明典,調査特別委員会委員長,男,無所属,-,"1,2",50,安全保障・基地問題,0.15465,4,"拉致,日米,戦争,米軍"
前川尚誼,前川 尚誼,総務財政委員会委員長,男,無所属,-,"1,2",102,暮らし・福祉,0.189184,8,"弁償,引っ越し,受給,休業,年金"
前川尚誼,前川 尚誼,総務財政委員会委員長,男,無所属,-,"1,2",102,医療・健康,0.287586,10,"外科,口蹄,防疫,医師,虐待"
前川尚誼,前川 尚誼,総務財政委員会委員長,男,無所属,-,"1,2",102,子ども・教育,0.245237,11,"学区,文教,学園,校長,卒業"
前川尚誼,前川 尚誼,総務財政委員会委員長,男,無所属,-,"1,2",102,まちづくり・インフラ,0.384215,15,"用排水,工務,再建,架橋,立方"
前川尚誼,前川 尚誼,総務財政委員会委員長,男,無所属,-,"1,2",102,農業・水産業,0.397979,14,"圃場,農漁業,養殖,食肉,飼料"
前川尚誼,前川 尚誼,総務財政委員会委員長,男,無所属,-,"1,2",102,観光・産業,0.382831,15,"祭場,工芸,購買,球場,航路"
前川尚誼,前川 尚誼,総務財政委員会委員長,男,無所属,-,"1,2",102,環境・防災,0.386717,14,"警報,暴風,陥没,土砂,防除"
前川尚誼,前川 尚誼,総務財政委員会委員長,男,無所属,-,"1,2",102,財政・税金,0.460183,21,"予備,増税,繰り上げ,繰り入れ,減税"
前川尚誼,前川 尚誼,総務財政委員会委員長,男,無所属,-,"1,2",102,行政・議会運営,0.864058,35,"陳情,動議,規約,専任,判決"
前川尚誼,前川 尚誼,総務財政委員会委員長,男,無所属,-,"1,2",102,安全保障・基地問題,0.196748,6,"爆撃,日米,戦争,軍事,米国"
友利悦裕,友利悦裕,教育施設課長,,,,,275,暮らし・福祉,0.127892,8,"受給,移住,引っ越し,年金,療養"
友利悦裕,友利悦裕,教育施設課長,,,,,275,医療・健康,0.202599,9,"視力,外科,医師,感覚,患者"
友利悦裕,友利悦裕,教育施設課長,,,,,275,子ども・教育,0.222997,11,"学級,教科,学園,教職員,校区"
友利悦裕,友利悦裕,教育施設課長,,,,,275,まちづくり・インフラ,0.670698,23,"埠頭,浚渫,工区,幹線,土砂"
友利悦裕,友利悦裕,教育施設課長,,,,,275,農業・水産業,0.358461,14,"肥育,珊瑚,農道,食肉,漁協"
友利悦裕,友利悦裕,教育施設課長,,,,,275,観光・産業,0.243719,12,"航路,旅客,祝辞,物流,飲食"
友利悦裕,友利悦裕,教育施設課長,,,,,275,環境・防災,0.698625,28,"土砂,汚泥,雨漏り,冠水,珊瑚"
友利悦裕,友利悦裕,教育施設課長,,,,,275,財政・税金,0.664989,28,"滞納,不納,収納,納品,買収"
友利悦裕,友利悦裕,教育施設課長,,,,,275,行政・議会運営,0.485941,27,"政権,開通,連帯,賛否,裁定"
友利悦裕,友利悦裕,教育施設課長,,,,,275,安全保障・基地問題,0.091737,4,"米軍,遺跡,米国,日米"
砂川明寛,砂川 明寛,議員,男,無所属,-,"1,2",91,暮らし・福祉,0.104972,5,"民泊,就農,引っ越し,年金,人権"
砂川明寛,砂川 明寛,議員,男,無所属,-,"1,2",91,医療・健康,0.127124,5,"口蹄,病気,外科,認知,医師"
砂川明寛,砂川 明寛,議員,男,無所属,-,"1,2",91,子ども・教育,0.159133,9,"学区,校長,授業,校区,園児"
砂川明寛,砂川 明寛,議員,男,無所属,-,"1,2",91,まちづくり・インフラ,0.168357,7,"再建,約款,工務,造成,ｉｔ"
砂川明寛,砂川 明寛,議員,男,無所属,-,"1,2",91,農業・水産業,0.259066,9,"飼料,圃場,栽培,糖度,漁港"
砂川明寛,砂川 明寛,議員,男,無所属,-,"1,2",91,観光・産業,0.202728,6,"祭場,購買,民泊,航路,祝賀"
砂川明寛,砂川 明寛,議員,男,無所属,-,"1,2",91,環境・防災,0.246012,10,"防除,風力,発電,太陽,酸化"
砂川明寛,砂川 明寛,議員,男,無所属,-,"1,2",91,財政・税金,0.454381,18,"収穫,不納,金融,滞納,収納"
砂川明寛,砂川 明寛,議員,男,無所属,-,"1,2",91,行政・議会運営,1.148809,35,"専任,投票,判決,辞任,否決"
砂川明寛,砂川 明寛,議員,男,無所属,-,"1,2",91,安全保障・基地問題,0.192301,6,"遺跡,軍事,米軍,領土,領海"
與那嶺誓雄,與那嶺誓雄,不明,,,,,55,暮らし・福祉,0.16505,6,"受給,年金,療養,扶養,人権"
與那嶺誓雄,與那嶺誓雄,不明,,,,,55,医療・健康,0.114372,5,"療養,患者,認知,痛み,診療"
與那嶺誓雄,與那嶺誓雄,不明,,,,,55,子ども・教育,0.157524,6,"学力,文教,学区,学術,校長"
與那嶺誓雄,與那嶺誓雄,不明,,,,,55,まちづくり・インフラ,0.337722,10,"汚泥,再建,架橋,水源,工務"
與那嶺誓雄,與那嶺誓雄,不明,,,,,55,農業・水産業,0.278091,8,"漁協,圃場,漁港,肥料,飼料"
與那嶺誓雄,與那嶺誓雄,不明,,,,,55,観光・産業,0.152707,5,"祭場,工芸,航路,球場,製造"
與那嶺誓雄,與那嶺誓雄,不明,,,,,55,環境・防災,0.269295,9,"汚泥,陥没,汚染,漂着,地震"
與那嶺誓雄,與那嶺誓雄,不明,,,,,55,財政・税金,0.570245,18,"金利,起債,黒字,有償,繰り上げ"
與那嶺誓雄,與那嶺誓雄,不明,,,,,55,行政・議会運営,0.869936,24,"辞職,行財政,連結,陳情,告発"
與那嶺誓雄,與那嶺誓雄,不明,,,,,55,安全保障・基地問題,0.236068,6,"有事,軍事,爆撃,在日,米軍"
砂川正吉,砂川正吉,上野支所長,,,,,162,暮らし・福祉,0.237217,8,"年金,受給,義捐,人権,扶養"
砂川正吉,砂川正吉,上野支所長,,,,,162,医療・健康,0.050081,2,"口蹄,痛み"
砂川正吉,砂川正吉,上野支所長,,,,,162,子ども・教育,0.057491,3,"休校,学童,学区"
砂川正吉,砂川正吉,上野支所長,,,,,162,まちづくり・インフラ,0.051669,2,"農道,ｌｅｄ"
砂川正吉,砂川正吉,上野支所長,,,,,162,農業・水産業,0.146553,5,"糖度,食料,農道,圃場,農村"
砂川正吉,砂川正吉,上野支所長,,,,,162,観光・産業,0.08714,4,"製造,旅客,航路,飲食"
砂川正吉,砂川正吉,上野支所長,,,,,162,環境・防災,0.41011,11,"警戒,地震,津波,断層,洪水"
砂川正吉,砂川正吉,上野支所長,,,,,162,財政・税金,0.938719,25,"不納,公債,起債,滞納,充当"
砂川正吉,砂川正吉,上野支所長,,,,,162,行政・議会運営,0.590166,17,"市税,勧告,任用,決裁,行財政"
砂川正吉,砂川正吉,上野支所長,,,,,162,安全保障・基地問題,0,0,
狩俣照雄,狩俣照雄,土地等対策局長,,,,,54,暮らし・福祉,0,0,
狩俣照雄,狩俣照雄,土地等対策局長,,,,,54,医療・健康,0,0,
狩俣照雄,狩俣照雄,土地等対策局長,,,,,54,子ども・教育,0.048546,1,校長
狩俣照雄,狩俣照雄,土地等対策局長,,,,,54,まちづくり・インフラ,0.241765,3,"架橋,再建,埋め立て"
狩俣照雄,狩俣照雄,土地等対策局長,,,,,54,農業・水産業,0,0,
狩俣照雄,狩俣照雄,土地等対策局長,,,,,54,観光・産業,0,0,
狩俣照雄,狩俣照雄,土地等対策局長,,,,,54,環境・防災,0,0,
狩俣照雄,狩俣照雄,土地等対策局長,,,,,54,財政・税金,0.109833,3,"納入,金融,財務"
狩俣照雄,狩俣照雄,土地等対策局長,,,,,54,行政・議会運営,0.627736,13,"専任,謄本,連帯,陳述,辞退"
狩俣照雄,狩俣照雄,土地等対策局長,,,,,54,安全保障・基地問題,0.04062,1,領土
亀濱玲子,亀濱 玲子,議員,女,無所属,-,"1,2,3",403,暮らし・福祉,0.4522,21,"療養,難病,不妊,就労,傍聴"
亀濱玲子,亀濱 玲子,議員,女,無所属,-,"1,2,3",403,医療・健康,0.388822,15,"療養,難病,外科,患者,不妊"
亀濱玲子,亀濱 玲子,議員,女,無所属,-,"1,2,3",403,子ども・教育,0.332669,17,"学級,文教,学術,学童,教科"
亀濱玲子,亀濱 玲子,議員,女,無所属,-,"1,2,3",403,まちづくり・インフラ,0.415183,24,"水源,工務,水質,約款,再建"
亀濱玲子,亀濱 玲子,議員,女,無所属,-,"1,2,3",403,農業・水産業,0.264218,14,"珊瑚,漁港,漁協,圃場,農漁業"
亀濱玲子,亀濱 玲子,議員,女,無所属,-,"1,2,3",403,観光・産業,0.352285,19,"楽園,演奏,朗読,工芸,音響"
亀濱玲子,亀濱 玲子,議員,女,無所属,-,"1,2,3",403,環境・防災,0.505794,25,"汚濁,瓦礫,防除,警報,断層"
亀濱玲子,亀濱 玲子,議員,女,無所属,-,"1,2,3",403,財政・税金,0.536851,33,"追認,随契,増税,滞納,財団"
亀濱玲子,亀濱 玲子,議員,女,無所属,-,"1,2,3",403,行政・議会運営,1.258503,58,"陳情,再任,告発,解明,動議"
亀濱玲子,亀濱 玲子,議員,女,無所属,-,"1,2,3",403,安全保障・基地問題,0.483741,23,"軍事,陣地,米軍,戦争,艦隊"
豊見山京子,豊見山京子,介護長寿課長,,,,,80,暮らし・福祉,0.29235,6,"就労,扶養,年金,受給,療養"
豊見山京子,豊見山京子,介護長寿課長,,,,,80,医療・健康,0.159339,5,"認知,医師,健診,療養,病気"
豊見山京子,豊見山京子,介護長寿課長,,,,,80,子ども・教育,0.401844,8,"校区,園児,学童,休園,卒業"
豊見山京子,豊見山京子,介護長寿課長,,,,,80,まちづくり・インフラ,0.041917,1,ｉｃｔ
豊見山京子,豊見山京子,介護長寿課長,,,,,80,農業・水産業,0,0,
豊見山京子,豊見山京子,介護長寿課長,,,,,80,観光・産業,0.021685,1,旅費
豊見山京子,豊見山京子,介護長寿課長,,,,,80,環境・防災,0.05324,2,"風力,発電"
豊見山京子,豊見山京子,介護長寿課長,,,,,80,財政・税金,0.342153,8,"剰余,買収,滞納,補佐,加算"
豊見山京子,豊見山京子,介護長寿課長,,,,,80,行政・議会運営,0.550147,13,"公立,規程,昇任,連合,開所"
豊見山京子,豊見山京子,介護長寿課長,,,,,80,安全保障・基地問題,0,0,
平良哲則,平良哲則,環境施設整備局長,,,,,507,暮らし・福祉,0.288923,14,"難病,就農,民泊,年金,人権"
平良哲則,平良哲則,環境施設整備局長,,,,,507,医療・健康,0.441007,15,"口蹄,難病,防疫,患者,接種"
平良哲則,平良哲則,環境施設整備局長,,,,,507,子ども・教育,0.199543,14,"学級,講座,文教,小児,学童"
平良哲則,平良哲則,環境施設整備局長,,,,,507,まちづくり・インフラ,0.610076,28,"農道,数量,ｌｅｄ,取水,立方"
平良哲則,平良哲則,環境施設整備局長,,,,,507,農業・水産業,0.583853,18,"肥育,漁協,食肉,農道,漁港"
平良哲則,平良哲則,環境施設整備局長,,,,,507,観光・産業,0.354275,16,"祭場,工芸,航路,購買,製造"
平良哲則,平良哲則,環境施設整備局長,,,,,507,環境・防災,0.513989,25,"崖下,防除,風力,防火,発電"
平良哲則,平良哲則,環境施設整備局長,,,,,507,財政・税金,0.707694,36,"不納,賦課,収穫,滞納,公庫"
平良哲則,平良哲則,環境施設整備局長,,,,,507,行政・議会運営,0.616915,37,"陳情,開通,動議,裁量,解明"
平良哲則,平良哲則,環境施設整備局長,,,,,507,安全保障・基地問題,0.098934,5,"遺跡,領海,戦争,米軍,日米"
下地恵吉,下地恵吉,教育長,,,,,68,暮らし・福祉,0,0,
下地恵吉,下地恵吉,教育長,,,,,68,医療・健康,0.042496,2,"診療,接種"
下地恵吉,下地恵吉,教育長,,,,,68,子ども・教育,0.606646,11,"学力,学級,教科,学年,校長"
下地恵吉,下地恵吉,教育長,,,,,68,まちづくり・インフラ,0.074812,3,"埠頭,再建,水源"
下地恵吉,下地恵吉,教育長,,,,,68,農業・水産業,0.073628,2,"珊瑚,農村"
下地恵吉,下地恵吉,教育長,,,,,68,観光・産業,0.072567,2,"祝賀,球場"
下地恵吉,下地恵吉,教育長,,,,,68,環境・防災,0.150039,4,"汚染,珊瑚,冠水,廃校"
下地恵吉,下地恵吉,教育長,,,,,68,財政・税金,0.043453,2,"黒字,起債"
下地恵吉,下地恵吉,教育長,,,,,68,行政・議会運営,0.349734,8,"昇任,当選,連盟,部会,賛否"
下地恵吉,下地恵吉,教育長,,,,,68,安全保障・基地問題,0.065905,2,"在日,遺跡"
譜久村基嗣,譜久村基嗣,会計管理者,,,,,371,暮らし・福祉,0.2634,9,"扶養,年金,就労,受給,療養"
譜久村基嗣,譜久村基嗣,会計管理者,,,,,371,医療・健康,0.502812,14,"口蹄,健診,虐待,外科,接種"
譜久村基嗣,譜久村基嗣,会計管理者,,,,,371,子ども・教育,0.324878,15,"学童,園児,卒業,学級,講座"
譜久村基嗣,譜久村基嗣,会計管理者,,,,,371,まちづくり・インフラ,0.439516,20,"灯油,汚泥,電力,浄化,電源"
譜久村基嗣,譜久村基嗣,会計管理者,,,,,371,農業・水産業,0.297888,14,"漁協,飼料,食肉,圃場,漁港"
譜久村基嗣,譜久村基嗣,会計管理者,,,,,371,観光・産業,0.206856,12,"製造,旅費,航路,旅客,購買"
譜久村基嗣,譜久村基嗣,会計管理者,,,,,371,環境・防災,0.425568,20,"漂着,漂流,汚泥,風力,発電"
譜久村基嗣,譜久村基嗣,会計管理者,,,,,371,財政・税金,0.77606,35,"賦課,不納,収納,繰り入れ,税額"
譜久村基嗣,譜久村基嗣,会計管理者,,,,,371,行政・議会運営,0.577777,29,"公立,開所,連結,市税,付則"
譜久村基嗣,譜久村基嗣,会計管理者,,,,,371,安全保障・基地問題,0.193152,11,"海兵,日米,米軍,戦争,遺跡"
古堅宗和,古堅宗和,文化振興課長,,,,,273,暮らし・福祉,0.127628,7,"就労,弁償,年金,民泊,休業"
古堅宗和,古堅宗和,文化振興課長,,,,,273,医療・健康,0.050988,2,"虐待,口蹄"
古堅宗和,古堅宗和,文化振興課長,,,,,273,子ども・教育,0.183134,8,"講座,学園,授業,文教,学術"
古堅宗和,古堅宗和,文化振興課長,,,,,273,まちづくり・インフラ,0.426728,17,"電力,架橋,電源,ｉｔ,ｉｃｔ"
古堅宗和,古堅宗和,文化振興課長,,,,,273,農業・水産業,0.214271,10,"飼料,農漁業,農村,珊瑚,肥料"
古堅宗和,古堅宗和,文化振興課長,,,,,273,観光・産業,0.544056,16,"祝賀,航路,旅客,演奏,周遊"
古堅宗和,古堅宗和,文化振興課長,,,,,273,環境・防災,0.714385,17,"蓄電,酸化,炭素,風力,太陽"
古堅宗和,古堅宗和,文化振興課長,,,,,273,財政・税金,0.352867,20,"補強,税制,賃借,金融,充当"
古堅宗和,古堅宗和,文化振興課長,,,,,273,行政・議会運営,0.462269,23,"開通,市制,部会,規格,連合"
古堅宗和,古堅宗和,文化振興課長,,,,,273,安全保障・基地問題,0.149527,7,"海軍,軍事,艦隊,戦争,戦没"
垣花健志,垣花健志,文教社会委員会委員長,,,,,238,暮らし・福祉,0.232986,12,"年金,難病,受給,就労,人権"
垣花健志,垣花健志,文教社会委員会委員長,,,,,238,医療・健康,0.409986,15,"患者,接種,診療,難病,外科"
垣花健志,垣花健志,文教社会委員会委員長,,,,,238,子ども・教育,0.268531,14,"文教,学級,学力,小児,学童"
垣花健志,垣花健志,文教社会委員会委員長,,,,,238,まちづくり・インフラ,0.439629,20,"工法,工務,浄化,水源,浚渫"
垣花健志,垣花健志,文教社会委員会委員長,,,,,238,農業・水産業,0.41643,18,"肥育,漁協,農漁業,山羊,漁港"
垣花健志,垣花健志,文教社会委員会委員長,,,,,238,観光・産業,0.366983,19,"航路,音声,飲食,旅費,朗読"
垣花健志,垣花健志,文教社会委員会委員長,,,,,238,環境・防災,0.578801,24,"漂流,断層,漂着,防除,汚染"
垣花健志,垣花健志,文教社会委員会委員長,,,,,238,財政・税金,0.459655,27,"追認,損傷,財務,財団,滞納"
垣花健志,垣花健志,文教社会委員会委員長,,,,,238,行政・議会運営,1.058679,46,"陳情,起訴,当選,賛否,表決"
垣花健志,垣花健志,文教社会委員会委員長,,,,,238,安全保障・基地問題,0.341188,14,"軍属,日米,米軍,戦争,遺跡"
新城元吉,新城 元吉,臨時議長,男,無所属,-,"1,2",254,暮らし・福祉,0.223472,14,"就農,人権,尊厳,扶養,弁償"
新城元吉,新城 元吉,臨時議長,男,無所属,-,"1,2",254,医療・健康,0.12442,9,"感覚,患者,診療,病気,痛み"
新城元吉,新城 元吉,臨時議長,男,無所属,-,"1,2",254,子ども・教育,0.38086,16,"校区,学級,学童,学区,休校"
新城元吉,新城 元吉,臨時議長,男,無所属,-,"1,2",254,まちづくり・インフラ,0.235054,16,"工区,約款,埋め立て,水源,地盤"
新城元吉,新城 元吉,臨時議長,男,無所属,-,"1,2",254,農業・水産業,0.310027,14,"農山村,牧場,食材,栽培,農村"
新城元吉,新城 元吉,臨時議長,男,無所属,-,"1,2",254,観光・産業,0.168833,10,"演奏,音楽,製造,旅費,朗読"
新城元吉,新城 元吉,臨時議長,男,無所属,-,"1,2",254,環境・防災,0.227186,11,"崖下,廃校,警報,汚濁,太陽"
新城元吉,新城 元吉,臨時議長,男,無所属,-,"1,2",254,財政・税金,0.519902,29,"清算,追認,滞納,債権,落札"
新城元吉,新城 元吉,臨時議長,男,無所属,-,"1,2",254,行政・議会運営,1.189939,51,"起案,解明,公報,政権,投票"
新城元吉,新城 元吉,臨時議長,男,無所属,-,"1,2",254,安全保障・基地問題,0.570645,23,"射撃,軍事,戦争,米軍,艦隊"
前里光恵,前里 光恵,議員,男,民主党,-,"2,3",190,暮らし・福祉,0.206559,9,"義捐,難病,就農,人権,受給"
前里光恵,前里 光恵,議員,男,民主党,-,"2,3",190,医療・健康,0.268263,12,"口蹄,健診,難病,患者,虐待"
前里光恵,前里 光恵,議員,男,民主党,-,"2,3",190,子ども・教育,0.512334,17,"学級,学区,学術,教科,入学"
前里光恵,前里 光恵,議員,男,民主党,-,"2,3",190,まちづくり・インフラ,0.455312,19,"立方,約款,農道,工区,埠頭"
前里光恵,前里 光恵,議員,男,民主党,-,"2,3",190,農業・水産業,0.378069,14,"農漁業,牧場,農道,食肉,飼料"
前里光恵,前里 光恵,議員,男,民主党,-,"2,3",190,観光・産業,0.17233,10,"物流,祝賀,旅費,祝辞,売り払い"
前里光恵,前里 光恵,議員,男,民主党,-,"2,3",190,環境・防災,0.406946,17,"防除,廃校,津波,崖下,警報"
前里光恵,前里 光恵,議員,男,民主党,-,"2,3",190,財政・税金,0.444007,20,"落札,買収,納入,随意,清算"
前里光恵,前里 光恵,議員,男,民主党,-,"2,3",190,行政・議会運営,1.123505,46,"公報,陳情,会派,賛否,開通"
前里光恵,前里 光恵,議員,男,民主党,-,"2,3",190,安全保障・基地問題,0.273789,11,"駐屯,弾薬,在沖,軍事,領有"
仲間則人,仲間 則人,経済工務委員会委員長,男,無所属,-,"2,3",72,暮らし・福祉,0.073281,3,"就農,弁償,住居"
仲間則人,仲間 則人,経済工務委員会委員長,男,無所属,-,"2,3",72,医療・健康,0.146876,4,"口蹄,外科,防疫,痛み"
仲間則人,仲間 則人,経済工務委員会委員長,男,無所属,-,"2,3",72,子ども・教育,0.257004,11,"学力,学術,校区,学年,学区"
仲間則人,仲間 則人,経済工務委員会委員長,男,無所属,-,"2,3",72,まちづくり・インフラ,0.472023,14,"工務,電柱,残土,電力,農道"
仲間則人,仲間 則人,経済工務委員会委員長,男,無所属,-,"2,3",72,農業・水産業,0.538044,14,"糖度,漁港,栽培,農漁業,農道"
仲間則人,仲間 則人,経済工務委員会委員長,男,無所属,-,"2,3",72,観光・産業,0.232993,10,"購買,航路,祝辞,物流,映画"
仲間則人,仲間 則人,経済工務委員会委員長,男,無所属,-,"2,3",72,環境・防災,0.410452,13,"防除,太陽,発電,風力,雨水"
仲間則人,仲間 則人,経済工務委員会委員長,男,無所属,-,"2,3",72,財政・税金,0.257837,8,"減価,収穫,償却,還元,損傷"
仲間則人,仲間 則人,経済工務委員会委員長,男,無所属,-,"2,3",72,行政・議会運営,0.426213,11,"請願,陳情,市制,開通,互選"
仲間則人,仲間 則人,経済工務委員会委員長,男,無所属,-,"2,3",72,安全保障・基地問題,0.054986,1,駐屯
川上哲也,川上哲也,教育長,,,,,120,暮らし・福祉,0.025736,1,人権
川上哲也,川上哲也,教育長,,,,,120,医療・健康,0.073465,3,"患者,接種,病気"
川上哲也,川上哲也,教育長,,,,,120,子ども・教育,0.763738,14,"学級,校区,教科,学力,教職員"
川上哲也,川上哲也,教育長,,,,,120,まちづくり・インフラ,0.102546,5,"工務,農道,汚泥,ｉｃｔ,埋め立て"
川上哲也,川上哲也,教育長,,,,,120,農業・水産業,0.06354,3,"農道,栽培,食肉"
川上哲也,川上哲也,教育長,,,,,120,観光・産業,0.231478,6,"演奏,音楽,表彰,音響,祝賀"
川上哲也,川上哲也,教育長,,,,,120,環境・防災,0.26859,10,"廃校,流用,消火,津波,被災"
川上哲也,川上哲也,教育長,,,,,120,財政・税金,0.325707,10,"充用,不納,有償,黒字,予備"
川上哲也,川上哲也,教育長,,,,,120,行政・議会運営,0.526503,17,"陳情,起訴,規約,公立,再任"
川上哲也,川上哲也,教育長,,,,,120,安全保障・基地問題,0.375521,9,"艦隊,戦争,軍属,日米,軍事"
奥原一秀,奥原一秀,観光商工局長,,,,,154,暮らし・福祉,0.130654,4,"民泊,休業,人権,療養"
奥原一秀,奥原一秀,観光商工局長,,,,,154,医療・健康,0.11238,5,"虐待,医師,疾患,療養,認知"
奥原一秀,奥原一秀,観光商工局長,,,,,154,子ども・教育,0.253957,9,"園児,教科,講座,学年,小児"
奥原一秀,奥原一秀,観光商工局長,,,,,154,まちづくり・インフラ,0.229099,7,"ｌｅｄ,浄化,ｉｔ,造成,水質"
奥原一秀,奥原一秀,観光商工局長,,,,,154,農業・水産業,0.201903,7,"食材,食料,圃場,漁協,海産"
奥原一秀,奥原一秀,観光商工局長,,,,,154,観光・産業,0.380622,10,"周遊,工芸,民泊,物産,旅費"
奥原一秀,奥原一秀,観光商工局長,,,,,154,環境・防災,0.252402,10,"雨漏り,飛散,太陽,被災,発電"
奥原一秀,奥原一秀,観光商工局長,,,,,154,財政・税金,0.249423,13,"滞納,損益,税額,納品,返済"
奥原一秀,奥原一秀,観光商工局長,,,,,154,行政・議会運営,0.282247,10,"公立,職種,辞任,謝罪,公益"
奥原一秀,奥原一秀,観光商工局長,,,,,154,安全保障・基地問題,0.256329,5,"遺跡,陣地,戦争,米軍,日米"
安谷屋政秀,安谷屋政秀,生涯学習部長,,,,,261,暮らし・福祉,0.187528,6,"人権,年金,休業,扶養,住居"
安谷屋政秀,安谷屋政秀,生涯学習部長,,,,,261,医療・健康,0.06246,3,"診療,接種,口蹄"
安谷屋政秀,安谷屋政秀,生涯学習部長,,,,,261,子ども・教育,0.100873,7,"学術,学園,学区,教職員,校長"
安谷屋政秀,安谷屋政秀,生涯学習部長,,,,,261,まちづくり・インフラ,0.297293,13,"約款,外構,土砂,工区,電力"
安谷屋政秀,安谷屋政秀,生涯学習部長,,,,,261,農業・水産業,0.178313,6,"漁港,食肉,農漁業,牧場,食料"
安谷屋政秀,安谷屋政秀,生涯学習部長,,,,,261,観光・産業,0.389294,13,"演奏,球場,音声,音楽,製造"
安谷屋政秀,安谷屋政秀,生涯学習部長,,,,,261,環境・防災,0.596506,19,"暴風,警報,津波,警戒,地震"
安谷屋政秀,安谷屋政秀,生涯学習部長,,,,,261,財政・税金,1.082199,31,"公債,不納,充用,充当,税制"
安谷屋政秀,安谷屋政秀,生涯学習部長,,,,,261,行政・議会運営,0.878878,30,"陳情,規約,市税,専決,再任"
安谷屋政秀,安谷屋政秀,生涯学習部長,,,,,261,安全保障・基地問題,0.092174,2,"艦隊,海軍"
垣花徳亮,垣花徳亮,上野支所長,,,,,62,暮らし・福祉,0,0,
垣花徳亮,垣花徳亮,上野支所長,,,,,62,医療・健康,0.113304,2,"健診,認知"
垣花徳亮,垣花徳亮,上野支所長,,,,,62,子ども・教育,0.133522,3,"講座,授業,学区"
垣花徳亮,垣花徳亮,上野支所長,,,,,62,まちづくり・インフラ,0.158608,3,"約款,地盤,工法"
垣花徳亮,垣花徳亮,上野支所長,,,,,62,農業・水産業,0.021791,1,農村
垣花徳亮,垣花徳亮,上野支所長,,,,,62,観光・産業,0.314017,5,"球場,演奏,音楽,音響,球団"
垣花徳亮,垣花徳亮,上野支所長,,,,,62,環境・防災,0.103086,2,"除草,雨漏り"
垣花徳亮,垣花徳亮,上野支所長,,,,,62,財政・税金,0.147283,4,"有償,滞納,不納,繰り入れ"
垣花徳亮,垣花徳亮,上野支所長,,,,,62,行政・議会運営,0.070334,3,"辞退,決裁,部会"
垣花徳亮,垣花徳亮,上野支所長,,,,,62,安全保障・基地問題,0.170328,2,"遺跡,戦争"
田場秀樹,田場秀樹,教育部長,,,,,62,暮らし・福祉,0.074678,2,"休業,尊厳"
田場秀樹,田場秀樹,教育部長,,,,,62,医療・健康,0.041143,1,内科
田場秀樹,田場秀樹,教育部長,,,,,62,子ども・教育,0.747318,10,"授業,学級,学力,教科,園児"
田場秀樹,田場秀樹,教育部長,,,,,62,まちづくり・インフラ,0.111701,2,"ｉｃｔ,農道"
田場秀樹,田場秀樹,教育部長,,,,,62,農業・水産業,0.177312,5,"食材,農振,漁協,農道,圃場"
田場秀樹,田場秀樹,教育部長,,,,,62,観光・産業,0.046417,1,旅費
田場秀樹,田場秀樹,教育部長,,,,,62,環境・防災,0.057137,2,"汚濁,地震"
田場秀樹,田場秀樹,教育部長,,,,,62,財政・税金,0.274765,9,"納品,落札,補充,財団,納入"
田場秀樹,田場秀樹,教育部長,,,,,62,行政・議会運営,0,0,
田場秀樹,田場秀樹,教育部長,,,,,62,安全保障・基地問題,0.02647,1,戦争
川満広紀,川満広紀,生涯学習部長,,,,,63,暮らし・福祉,0,0,
川満広紀,川満広紀,生涯学習部長,,,,,63,医療・健康,0,0,
川満広紀,川満広紀,生涯学習部長,,,,,63,子ども・教育,0.146347,3,"学術,学園,学区"
川満広紀,川満広紀,生涯学習部長,,,,,63,まちづくり・インフラ,0,0,
川満広紀,川満広紀,生涯学習部長,,,,,63,農業・水産業,0.086788,2,"農村,養殖"
川満広紀,川満広紀,生涯学習部長,,,,,63,観光・産業,0.068319,2,"球場,ｊｔａ"
川満広紀,川満広紀,生涯学習部長,,,,,63,環境・防災,0.194188,2,"雨漏り,津波"
川満広紀,川満広紀,生涯学習部長,,,,,63,財政・税金,0.032684,1,加算
川満広紀,川満広紀,生涯学習部長,,,,,63,行政・議会運営,0.073195,2,"開所,公立"
川満広紀,川満広紀,生涯学習部長,,,,,63,安全保障・基地問題,0.105895,1,遺跡
石嶺香織,石嶺香織,不明,,,,,115,暮らし・福祉,0.157793,3,"傍聴,就労,人権"
石嶺香織,石嶺香織,不明,,,,,115,医療・健康,0.02058,1,病気
石嶺香織,石嶺香織,不明,,,,,115,子ども・教育,0.124427,2,"学術,文教"
石嶺香織,石嶺香織,不明,,,,,115,まちづくり・インフラ,0.213414,4,"水源,水質,造成,立方"
石嶺香織,石嶺香織,不明,,,,,115,農業・水産業,0.119565,3,"牧場,漁協,漁港"
石嶺香織,石嶺香織,不明,,,,,115,観光・産業,0.162927,3,"ｊｔａ,旅費,物産"
石嶺香織,石嶺香織,不明,,,,,115,環境・防災,0.104813,2,"汚染,除草"
石嶺香織,石嶺香織,不明,,,,,115,財政・税金,0.348525,6,"減給,追認,精算,概算,加算"
石嶺香織,石嶺香織,不明,,,,,115,行政・議会運営,1.192996,18,"公報,開示,請願,謝罪,役職"
石嶺香織,石嶺香織,不明,,,,,115,安全保障・基地問題,0.673741,8,"射撃,日米,駐屯,弾薬,米軍"
仲間賴信,仲間賴信,不明,,,,,134,暮らし・福祉,0.097398,4,"人権,尊厳,民泊,受給"
仲間賴信,仲間賴信,不明,,,,,134,医療・健康,0.030651,2,"病気,患者"
仲間賴信,仲間賴信,不明,,,,,134,子ども・教育,0.065068,3,"学区,学術,文教"
仲間賴信,仲間賴信,不明,,,,,134,まちづくり・インフラ,0.340021,15,"敷設,農道,土砂,工務,埠頭"
仲間賴信,仲間賴信,不明,,,,,134,農業・水産業,0.161769,6,"漁港,農道,牧場,圃場,農振"
仲間賴信,仲間賴信,不明,,,,,134,観光・産業,0.206024,9,"旅客,祭場,航路,民泊,ｊｔａ"
仲間賴信,仲間賴信,不明,,,,,134,環境・防災,0.286855,12,"断層,地震,土砂,津波,噴火"
仲間賴信,仲間賴信,不明,,,,,134,財政・税金,0.400001,15,"減価,償却,落札,前払い,損益"
仲間賴信,仲間賴信,不明,,,,,134,行政・議会運営,0.889923,30,"議席,開通,告発,公職,市議"
仲間賴信,仲間賴信,不明,,,,,134,安全保障・基地問題,0.29656,10,"拉致,領海,遺棄,軍事,軍艦"
新里聰,新里 聰,不明,,,,,148,暮らし・福祉,0.06991,3,"就農,民泊,人権"
新里聰,新里 聰,不明,,,,,148,医療・健康,0.083368,4,"認知,皮膚,疎通,感覚"
新里聰,新里 聰,不明,,,,,148,子ども・教育,0.078123,4,"学術,園児,講座,卒業"
新里聰,新里 聰,不明,,,,,148,まちづくり・インフラ,0.229069,9,"約款,工務,架橋,水源,敷設"
新里聰,新里 聰,不明,,,,,148,農業・水産業,0.32884,9,"蕎麦,牧場,漁協,栽培,和牛"
新里聰,新里 聰,不明,,,,,148,観光・産業,0.190886,9,"朗読,物品,民泊,ｊｔａ,球場"
新里聰,新里 聰,不明,,,,,148,環境・防災,0.172097,7,"廃校,消火,警戒,雨漏り,警報"
新里聰,新里 聰,不明,,,,,148,財政・税金,0.70106,27,"追認,不納,清算,黒字,滞納"
新里聰,新里 聰,不明,,,,,148,行政・議会運営,0.998075,33,"投票,解明,告発,公職,会派"
新里聰,新里 聰,不明,,,,,148,安全保障・基地問題,0.172452,6,"弾薬,駐屯,射撃,実弾,米軍"
池間豊,池間 豊,副議長,男,無所属,-,"1,2,3",70,暮らし・福祉,0.121221,4,"空き家,療養,就農,就労"
池間豊,池間 豊,副議長,男,無所属,-,"1,2,3",70,医療・健康,0.084829,4,"療養,健診,感覚,病気"
池間豊,池間 豊,副議長,男,無所属,-,"1,2,3",70,子ども・教育,0.092614,5,"文教,園児,学術,入学,学力"
池間豊,池間 豊,副議長,男,無所属,-,"1,2,3",70,まちづくり・インフラ,0.168274,7,"農道,工務,水源,ｉｔ,ｉｃｔ"
池間豊,池間 豊,副議長,男,無所属,-,"1,2,3",70,農業・水産業,0.464758,13,"食肉,養殖,漁協,蕎麦,農道"
池間豊,池間 豊,副議長,男,無所属,-,"1,2,3",70,観光・産業,0.295451,9,"球場,祝賀,表彰,祝辞,工芸"
池間豊,池間 豊,副議長,男,無所属,-,"1,2,3",70,環境・防災,0.182928,7,"大雨,雨水,冠水,太陽,被災"
池間豊,池間 豊,副議長,男,無所属,-,"1,2,3",70,財政・税金,0.25072,8,"減給,清算,収穫,滞納,公庫"
池間豊,池間 豊,副議長,男,無所属,-,"1,2,3",70,行政・議会運営,0.460781,15,"当選,解明,公職,訓示,開通"
池間豊,池間 豊,副議長,男,無所属,-,"1,2,3",70,安全保障・基地問題,0.09223,2,"戦没,在沖"
嵩原弘,嵩原 弘,総務財政委員会委員長,男,無所属,-,"2,3,4",435,暮らし・福祉,0.28552,15,"傍聴,人権,年金,弁償,尊厳"
嵩原弘,嵩原 弘,総務財政委員会委員長,男,無所属,-,"2,3,4",435,医療・健康,0.238757,13,"口蹄,防疫,患者,疎通,医師"
嵩原弘,嵩原 弘,総務財政委員会委員長,男,無所属,-,"2,3,4",435,子ども・教育,0.271877,13,"文教,休校,学級,学園,授業"
嵩原弘,嵩原 弘,総務財政委員会委員長,男,無所属,-,"2,3,4",435,まちづくり・インフラ,0.513789,24,"浄水,敷設,取水,工法,電源"
嵩原弘,嵩原 弘,総務財政委員会委員長,男,無所属,-,"2,3,4",435,農業・水産業,0.353093,19,"農漁業,生乳,蕎麦,栽培,牧場"
嵩原弘,嵩原 弘,総務財政委員会委員長,男,無所属,-,"2,3,4",435,観光・産業,0.342062,17,"球団,祝辞,叙勲,ｊｔａ,祭場"
嵩原弘,嵩原 弘,総務財政委員会委員長,男,無所属,-,"2,3,4",435,環境・防災,0.430745,25,"廃校,防除,雨漏り,汚染,地震"
嵩原弘,嵩原 弘,総務財政委員会委員長,男,無所属,-,"2,3,4",435,財政・税金,0.36446,16,"追認,補充,予備,減給,補佐"
嵩原弘,嵩原 弘,総務財政委員会委員長,男,無所属,-,"2,3,4",435,行政・議会運営,1.342987,52,"公報,陳情,請願,議席,再任"
嵩原弘,嵩原 弘,総務財政委員会委員長,男,無所属,-,"2,3,4",435,安全保障・基地問題,0.582765,19,"海兵,領海,駐屯,米軍,在沖"
平良隆,平良 隆,議員,男,無所属,-,"1,2,3,4",57,暮らし・福祉,0.077176,1,就農
平良隆,平良 隆,議員,男,無所属,-,"1,2,3,4",57,医療・健康,0.033246,1,病気
平良隆,平良 隆,議員,男,無所属,-,"1,2,3,4",57,子ども・教育,0.171463,5,"授業,学力,卒業,学年,文教"
平良隆,平良 隆,議員,男,無所属,-,"1,2,3,4",57,まちづくり・インフラ,0.247339,7,"農道,電柱,取水,水量,電力"
平良隆,平良 隆,議員,男,無所属,-,"1,2,3,4",57,農業・水産業,0.331425,7,"農道,和牛,漁港,圃場,養殖"
平良隆,平良 隆,議員,男,無所属,-,"1,2,3,4",57,観光・産業,0.082027,2,"工芸,祝賀"
平良隆,平良 隆,議員,男,無所属,-,"1,2,3,4",57,環境・防災,0.327292,6,"防除,流用,雨漏り,警報,津波"
平良隆,平良 隆,議員,男,無所属,-,"1,2,3,4",57,財政・税金,0.607085,13,"不納,減価,償却,黒字,収穫"
平良隆,平良 隆,議員,男,無所属,-,"1,2,3,4",57,行政・議会運営,0.684826,18,"解散,動議,開通,当選,付帯"
平良隆,平良 隆,議員,男,無所属,-,"1,2,3,4",57,安全保障・基地問題,0.029477,1,米国
川平陽一,川平陽一,建設部長,,,,,583,暮らし・福祉,0.260199,6,"空き家,住居,移住,扶養,就労"
川平陽一,川平陽一,建設部長,,,,,583,医療・健康,0.034973,2,"感覚,療養"
川平陽一,川平陽一,建設部長,,,,,583,子ども・教育,0.039793,1,学年
川平陽一,川平陽一,建設部長,,,,,583,まちづくり・インフラ,0.408668,9,"電柱,幹線,ｌｅｄ,外構,埠頭"
川平陽一,川平陽一,建設部長,,,,,583,農業・水産業,0.03285,1,食料
川平陽一,川平陽一,建設部長,,,,,583,観光・産業,0.184944,7,"物流,旅客,航路,製造,音楽"
川平陽一,川平陽一,建設部長,,,,,583,環境・防災,0.561714,16,"除草,冠水,雨水,大雨,酸化"
川平陽一,川平陽一,建設部長,,,,,583,財政・税金,0.261038,7,"買収,ｐｆｉ,概算,起債,滞納"
川平陽一,川平陽一,建設部長,,,,,583,行政・議会運営,0.283727,11,"裁量,専決,勧告,規格,部会"
川平陽一,川平陽一,建設部長,,,,,583,安全保障・基地問題,0.075253,3,"有事,軍事,駐屯"
下里盛雄,下里盛雄,産業振興局長,,,,,75,暮らし・福祉,0,0,
下里盛雄,下里盛雄,産業振興局長,,,,,75,医療・健康,0,0,
下里盛雄,下里盛雄,産業振興局長,,,,,75,子ども・教育,0.029114,1,学年
下里盛雄,下里盛雄,産業振興局長,,,,,75,まちづくり・インフラ,0.056687,2,"数量,電力"
下里盛雄,下里盛雄,産業振興局長,,,,,75,農業・水産業,0.288457,4,"食材,食料,栽培,食肉"
下里盛雄,下里盛雄,産業振興局長,,,,,75,観光・産業,0.235976,3,"飲食,製造,物流"
下里盛雄,下里盛雄,産業振興局長,,,,,75,環境・防災,0.028584,1,流用
下里盛雄,下里盛雄,産業振興局長,,,,,75,財政・税金,0.243289,4,"納品,還元,組み替え,収穫"
下里盛雄,下里盛雄,産業振興局長,,,,,75,行政・議会運営,0.135278,3,"任用,解明,規格"
下里盛雄,下里盛雄,産業振興局長,,,,,75,安全保障・基地問題,0.054276,1,軍事
上地栄作,上地栄作,事務局長,,,,,66,暮らし・福祉,0.066795,2,"年金,移住"
上地栄作,上地栄作,事務局長,,,,,66,医療・健康,0,0,
上地栄作,上地栄作,事務局長,,,,,66,子ども・教育,0.132236,4,"学区,学年,文教,講座"
上地栄作,上地栄作,事務局長,,,,,66,まちづくり・インフラ,0.099979,4,"工法,ｉｃｔ,工区,工務"
上地栄作,上地栄作,事務局長,,,,,66,農業・水産業,0,0,
上地栄作,上地栄作,事務局長,,,,,66,観光・産業,0.123396,2,"映画,朗読"
上地栄作,上地栄作,事務局長,,,,,66,環境・防災,0.106021,2,"除草,破損"
上地栄作,上地栄作,事務局長,,,,,66,財政・税金,0.022779,1,繰り入れ
上地栄作,上地栄作,事務局長,,,,,66,行政・議会運営,0.883958,14,"陳情,辞任,辞職,請願,閉庁"
上地栄作,上地栄作,事務局長,,,,,66,安全保障・基地問題,0.444529,5,"軍人,米国,遺跡,戦争,在沖"
砂川嚴,砂川 嚴,上下水道部長,,,,,65,暮らし・福祉,0,0,
砂川嚴,砂川 嚴,上下水道部長,,,,,65,医療・健康,0,0,
砂川嚴,砂川 嚴,上下水道部長,,,,,65,子ども・教育,0.097395,1,学術
砂川嚴,砂川 嚴,上下水道部長,,,,,65,まちづくり・インフラ,0.901973,13,"水源,敷設,浄水,水量,浄化"
砂川嚴,砂川 嚴,上下水道部長,,,,,65,農業・水産業,0.194765,3,"農漁業,牧場,肥料"
砂川嚴,砂川 嚴,上下水道部長,,,,,65,観光・産業,0.023745,1,球場
砂川嚴,砂川 嚴,上下水道部長,,,,,65,環境・防災,0.648885,11,"断層,汚泥,雨水,汚染,発電"
砂川嚴,砂川 嚴,上下水道部長,,,,,65,財政・税金,0.454228,11,"剰余,随意,納入,予備,繰り入れ"
砂川嚴,砂川 嚴,上下水道部長,,,,,65,行政・議会運営,0.32315,6,"部会,開示,随意,任期,承諾"
砂川嚴,砂川 嚴,上下水道部長,,,,,65,安全保障・基地問題,0.056907,1,駐屯
